0.000,0.066,0.638,0.569,0.139,0.780,0.004,0.942,1.338,0.252,2.546,0.555,1.066,0.326,1.000,3.275,0.058,2.478,3.463,2.513,4.750,2.698,6.069,2.559,1.154,4.460,1.765,0.725,1.979,0.247,5.087,5.758,4.166,3.530,3.640,0.541,1.923,0.663,0.204,0.042,0.912,1.602,1.063,1.593,0.305,0.795,0.102,2.272,1.000,0.916,0.888,0.075,0.429,1.814,3.831,6.568,2.100,4.936,1.966,2.629,4.295,4.532,4.847,1.692,2.926,4.278,4.332,4.753,4.157,6.941,6.100,1.573,4.337,5.128,4.466,5.796,4.950,3.344,5.847,4.914,5.336,3.967,6.949,4.883,4.472,5.233,5.607,5.715,3.143,3.861,3.319,4.289,3.607,2.849
0.066,0.000,0.756,0.087,1.207,2.374,1.414,0.010,0.690,1.742,2.878,0.453,1.090,0.603,0.919,3.369,1.360,2.083,2.628,1.755,5.076,2.997,5.274,4.050,3.062,4.466,2.769,1.240,2.216,0.514,3.271,5.158,2.695,1.861,2.334,2.100,0.579,2.174,1.452,0.502,0.465,0.882,2.514,0.788,0.476,0.781,0.082,2.785,0.510,2.158,0.877,2.107,2.371,3.255,6.522,8.326,4.281,6.867,4.177,4.976,4.878,4.355,5.194,3.251,3.311,4.471,5.112,4.809,4.818,7.698,6.459,2.823,4.824,5.678,5.416,6.454,5.579,4.435,7.057,5.461,5.211,4.409,6.929,4.336,4.580,5.620,6.435,6.332,3.479,4.763,3.443,4.289,3.689,2.517
0.638,0.756,0.000,0.772,0.829,2.426,1.986,0.372,0.294,1.361,1.670,1.699,2.011,1.589,0.070,4.799,1.756,3.097,3.959,2.948,5.867,3.758,6.776,4.533,3.148,5.482,1.427,0.144,2.948,0.430,5.427,6.462,4.467,3.922,3.904,0.555,2.112,0.519,0.540,0.608,1.547,2.138,0.870,2.155,0.948,0.180,0.701,1.757,1.519,0.613,0.120,0.894,0.973,2.137,4.256,7.180,3.374,5.434,2.522,3.835,4.301,4.357,6.072,3.055,3.493,5.274,5.152,5.945,5.646,8.004,6.412,1.951,4.982,5.308,5.256,5.941,5.049,3.244,6.003,4.777,5.068,3.826,6.718,5.140,4.887,5.257,5.955,5.738,2.734,3.428,2.779,3.653,2.963,2.360
0.569,0.087,0.772,0.000,0.184,1.551,0.553,1.253,1.936,0.042,2.484,0.482,0.435,0.435,1.687,4.292,0.085,1.478,1.787,1.284,3.851,2.382,4.765,2.246,1.843,3.327,2.989,2.435,0.649,1.042,3.461,3.887,2.111,0.947,1.421,2.002,0.149,2.276,1.179,1.301,0.133,0.768,2.223,0.410,0.840,1.814,1.413,3.345,0.014,1.903,0.303,0.639,1.020,2.367,4.828,6.959,2.515,5.184,2.415,3.377,4.205,4.666,4.749,1.661,2.507,3.615,4.369,4.913,4.324,6.824,6.245,1.937,4.447,4.907,4.551,5.844,4.811,3.581,5.981,5.049,5.487,4.124,6.840,4.523,4.405,4.916,5.494,5.462,3.374,4.016,3.504,4.662,3.773,2.977
0.139,1.207,0.829,0.184,0.000,0.465,0.254,0.979,0.868,0.550,2.161,0.784,0.929,1.924,0.139,6.524,1.485,2.727,1.679,2.333,3.811,4.197,4.170,1.170,1.957,2.010,1.126,2.044,0.555,0.406,2.599,2.417,0.994,1.787,0.272,0.699,0.249,1.499,0.776,1.192,0.349,1.545,1.185,0.250,1.423,1.885,2.334,2.638,0.031,1.683,1.066,0.356,0.233,1.453,3.629,5.197,1.151,3.494,0.588,1.711,3.042,3.316,2.832,0.069,0.304,0.592,2.228,2.716,2.163,4.060,4.253,0.180,1.998,2.081,2.107,3.135,1.430,0.800,3.174,2.362,3.249,2.040,4.837,1.913,2.093,2.137,3.100,3.248,1.987,2.526,2.162,4.165,2.958,1.933
0.780,2.374,2.426,1.551,0.465,0.000,0.750,0.664,0.699,0.339,1.334,0.099,0.800,0.411,1.350,4.824,1.348,1.891,0.780,1.690,3.050,3.519,3.313,0.800,0.947,0.566,1.707,3.172,0.913,0.909,1.196,1.294,0.179,2.187,0.620,1.019,0.078,2.012,1.892,2.796,1.407,0.039,2.015,1.296,2.001,2.088,2.976,2.799,0.608,1.681,1.440,0.449,0.192,1.484,3.681,5.125,0.881,3.579,0.970,1.486,3.133,3.515,2.657,0.363,0.608,0.964,2.466,2.765,2.165,4.491,5.152,1.017,2.696,3.309,2.678,4.377,2.694,2.097,4.431,3.742,4.271,3.420,6.022,2.806,2.838,3.355,3.875,4.180,3.513,3.842,3.798,5.759,4.891,3.329
0.004,1.414,1.986,0.553,0.254,0.750,0.000,1.503,2.001,0.175,2.247,1.077,1.092,1.257,2.744,3.382,0.048,1.190,1.149,1.020,3.421,2.466,3.855,1.747,1.110,1.842,3.158,3.316,0.271,1.806,1.864,2.779,0.744,0.522,0.339,2.013,0.008,2.627,2.425,2.622,1.327,0.367,2.866,0.879,2.191,2.438,2.477,3.591,0.565,2.210,0.487,0.619,1.284,2.474,5.005,6.746,2.286,5.228,2.599,2.991,4.447,4.802,4.333,1.313,2.414,3.250,4.125,4.310,3.761,6.487,6.424,2.239,4.277,5.185,4.405,6.109,4.906,3.996,6.338,5.446,5.779,4.700,7.455,4.513,4.385,5.267,5.665,5.909,4.375,5.090,4.635,6.152,5.255,4.002
0.942,0.010,0.372,1.253,0.979,0.664,1.503,0.000,0.204,2.091,0.797,1.693,0.919,1.055,1.787,2.138,0.099,1.132,0.014,0.323,2.195,3.071,1.564,0.354,1.540,0.292,2.920,3.679,0.138,1.257,0.608,0.826,1.486,4.148,1.721,2.618,1.610,3.612,3.903,2.683,1.387,0.609,3.589,1.953,3.164,2.500,2.882,3.757,1.331,3.584,0.890,2.098,2.490,3.400,6.482,7.273,3.581,6.144,3.654,3.773,4.844,4.177,3.950,1.973,1.974,2.152,3.648,2.889,2.825,5.532,5.378,2.378,3.067,4.197,3.771,5.103,3.625,3.506,5.919,4.357,4.222,3.826,6.299,2.439,3.041,4.263,5.219,5.548,3.801,5.357,3.855,5.426,4.625,2.772
1.338,0.690,0.294,1.936,0.868,0.699,2.001,0.204,0.000,1.208,0.738,0.721,1.077,0.878,0.199,3.869,0.047,3.078,1.851,2.296,3.525,3.484,3.465,0.460,1.440,2.658,1.992,1.690,1.483,0.065,2.218,3.144,1.392,1.409,0.947,1.553,0.224,2.240,1.855,0.976,0.298,1.126,2.254,0.590,2.213,2.139,2.140,3.438,0.569,3.049,0.508,1.390,1.480,2.871,5.597,6.881,2.962,5.556,2.678,3.228,4.469,3.868,3.738,1.619,1.619,1.988,3.292,2.800,2.633,5.244,4.897,1.483,2.727,3.560,3.295,4.424,3.040,2.461,4.978,3.585,3.790,2.975,5.705,2.254,2.697,3.647,4.628,4.886,2.724,4.166,2.774,4.316,3.365,1.932
0.252,1.742,1.361,0.042,0.550,0.339,0.175,2.091,1.208,0.000,1.558,0.014,0.337,0.266,0.005,4.595,2.644,2.246,1.309,1.862,3.876,4.875,3.476,1.532,2.469,1.273,0.853,2.122,0.803,0.561,0.833,1.564,0.477,3.391,0.967,0.598,0.076,1.579,1.800,1.310,0.105,1.101,1.488,0.386,1.621,1.250,1.638,2.007,0.551,1.490,1.026,0.040,0.328,1.532,4.454,5.743,1.759,4.277,1.497,2.159,3.415,3.231,3.117,0.491,0.616,0.927,2.255,2.113,1.848,4.103,3.892,0.395,1.510,2.313,2.085,3.168,1.526,1.297,3.724,2.385,2.799,2.077,4.971,1.461,1.721,2.456,3.452,3.799,2.287,3.432,2.505,4.606,3.589,1.940
2.546,2.878,1.670,2.484,2.161,1.334,2.247,0.797,0.738,1.558,0.000,0.948,1.104,2.349,0.149,3.345,1.741,1.563,0.124,0.492,1.385,1.478,1.501,1.247,1.278,1.407,3.523,2.666,0.288,0.756,1.191,1.501,0.210,2.701,0.407,3.457,2.344,4.035,2.795,1.580,0.154,0.497,3.564,1.694,3.058,3.226,3.342,5.048,2.318,4.956,2.188,2.888,2.742,4.251,7.001,7.626,4.120,6.416,3.688,4.403,4.911,3.929,3.596,2.269,1.600,1.368,3.660,2.879,2.819,5.224,5.090,2.244,3.049,3.378,3.672,4.513,2.991,2.717,5.173,3.664,3.783,3.021,5.188,1.494,2.661,3.323,4.751,4.774,2.550,4.178,2.303,3.493,2.519,1.211
0.555,0.453,1.699,0.482,0.784,0.099,1.077,1.693,0.721,0.014,0.948,0.000,0.212,0.304,2.187,2.456,2.080,1.644,1.178,1.551,1.967,1.178,3.106,1.107,0.867,1.767,2.346,2.611,0.605,1.588,3.237,2.664,2.010,0.261,1.431,1.382,0.012,2.119,1.232,2.196,0.473,0.280,2.137,0.934,2.143,2.398,3.245,3.597,1.363,2.511,1.144,0.270,0.303,1.634,3.321,4.547,0.735,3.396,0.930,0.915,2.784,2.644,1.486,0.900,0.236,0.819,2.115,1.940,1.414,4.365,5.137,1.147,2.862,3.807,2.747,4.912,3.676,2.774,5.001,4.439,4.638,3.666,5.960,2.624,2.757,3.843,4.034,4.379,3.322,3.983,3.510,4.686,3.974,2.490
1.066,1.090,2.011,0.435,0.929,0.800,1.092,0.919,1.077,0.337,1.104,0.212,0.000,1.283,0.347,0.110,2.329,2.448,1.363,2.501,0.945,1.044,1.564,3.177,2.382,0.216,0.000,1.466,0.769,0.370,2.295,1.787,1.908,0.456,1.709,0.269,0.551,0.924,0.728,2.174,0.452,0.691,0.978,1.617,1.832,0.991,3.224,1.875,1.392,1.954,1.881,1.059,0.511,0.504,1.909,2.543,0.455,1.870,0.389,0.966,1.340,0.289,0.655,2.296,1.712,1.460,0.218,1.131,1.262,1.874,3.151,0.140,0.520,2.033,0.579,3.077,1.531,0.960,3.369,2.619,2.068,2.157,4.050,0.044,0.328,2.032,2.133,2.788,2.305,3.265,2.474,3.677,3.580,0.874
0.326,0.603,1.589,0.435,1.924,0.411,1.257,1.055,0.878,0.266,2.349,0.304,1.283,0.000,1.328,1.637,2.544,1.262,0.587,0.957,0.121,0.568,0.510,3.998,2.642,1.727,1.687,3.557,2.574,1.552,0.419,0.282,0.508,2.739,0.769,1.513,1.323,2.755,2.224,3.553,1.429,0.532,2.400,2.716,2.815,2.408,4.461,3.414,2.603,3.156,0.872,0.122,0.376,1.590,3.118,3.533,0.307,2.573,0.351,0.274,1.972,1.363,0.119,1.784,1.478,1.893,0.558,0.037,0.436,2.176,3.724,0.579,1.170,1.917,1.131,3.285,1.501,1.284,3.505,2.868,2.750,2.489,4.094,0.026,0.847,1.811,2.364,2.741,2.573,3.269,2.585,3.914,3.454,1.181
1.000,0.919,0.070,1.687,0.139,1.350,2.744,1.787,0.199,0.005,0.149,2.187,0.347,1.328,0.000,0.733,3.699,1.966,1.023,1.630,0.386,0.639,0.377,3.784,2.230,0.728,0.586,1.394,0.017,0.074,0.704,1.206,0.649,2.186,0.708,0.641,0.480,1.803,2.258,1.440,0.089,0.782,1.902,1.966,3.164,2.048,3.312,2.980,1.742,3.462,0.017,0.544,0.695,2.049,3.919,4.312,1.316,3.748,1.333,0.927,2.989,1.537,0.967,0.233,0.321,0.498,0.834,0.547,0.459,2.469,3.034,0.338,0.481,1.975,1.074,2.837,1.279,1.117,3.537,2.207,1.759,1.794,4.019,0.279,0.393,2.098,2.785,3.448,2.019,3.848,2.061,3.450,2.972,0.668
3.275,3.369,4.799,4.292,6.524,4.824,3.382,2.138,3.869,4.595,3.345,2.456,0.110,1.637,0.733,0.000,0.012,1.115,2.579,0.489,2.112,0.819,2.057,2.268,2.590,0.390,2.003,3.827,3.739,3.246,2.012,1.348,1.280,1.167,1.071,2.623,2.439,4.319,4.010,5.233,2.806,3.661,4.457,3.684,1.297,0.741,3.088,2.754,4.116,3.350,0.520,1.529,2.973,2.120,3.773,3.516,1.630,3.110,2.159,0.674,1.537,0.572,0.632,1.686,1.185,1.268,1.173,0.064,0.069,3.437,5.352,3.294,2.928,4.373,2.941,6.022,4.290,4.341,6.783,5.602,3.525,4.890,4.894,0.538,1.912,3.792,3.966,4.110,4.250,5.053,3.689,3.481,4.178,1.123
0.058,1.360,1.756,0.085,1.485,1.348,0.048,0.099,0.047,2.644,1.741,2.080,2.329,2.544,3.699,0.012,0.000,0.543,0.444,0.129,1.819,2.106,0.754,0.031,1.437,0.385,3.832,4.536,1.026,3.033,1.605,0.753,1.810,2.849,1.511,3.109,1.426,4.272,5.429,4.152,2.910,2.351,4.831,2.898,3.560,2.488,3.143,3.975,2.040,3.849,0.955,2.505,3.392,3.768,6.712,7.297,3.834,6.522,4.510,3.795,5.082,4.317,3.949,2.107,2.623,2.998,4.237,3.208,3.240,6.452,6.617,3.680,4.258,5.928,4.858,6.853,5.535,5.407,7.746,6.240,5.482,5.542,7.600,3.611,4.147,5.922,6.429,6.833,5.407,6.935,5.429,6.494,6.158,3.905
2.478,2.083,3.097,1.478,2.727,1.891,1.190,1.132,3.078,2.246,1.563,1.644,2.448,1.262,1.966,1.115,0.543,0.000,0.870,0.023,1.298,1.074,1.277,0.403,1.963,2.047,0.343,1.743,1.090,1.787,0.783,0.380,1.501,3.123,2.216,0.990,2.549,2.468,1.768,0.406,1.763,1.743,1.228,0.930,0.591,1.754,0.973,0.114,1.061,0.888,1.624,0.095,0.677,0.315,3.735,3.475,1.246,2.939,1.400,0.668,0.957,0.388,0.213,1.217,1.757,1.491,0.214,1.653,1.266,1.853,1.656,0.151,0.492,1.176,0.459,2.197,0.937,1.155,3.628,1.471,0.061,0.651,2.290,1.776,0.956,1.015,1.836,2.113,0.355,2.314,0.203,1.245,1.039,1.451
3.463,2.628,3.959,1.787,1.679,0.780,1.149,0.014,1.851,1.309,0.124,1.178,1.363,0.587,1.023,2.579,0.444,0.870,0.000,0.029,1.046,2.520,0.707,0.954,0.229,0.870,2.813,1.274,1.447,2.038,2.142,0.386,0.419,0.261,0.892,2.699,0.939,1.020,0.592,1.690,1.734,1.416,0.722,2.282,2.063,4.230,3.863,3.741,3.465,1.870,3.641,1.831,0.675,1.978,1.062,0.898,0.802,0.977,0.135,1.837,0.754,2.283,1.756,2.587,2.461,1.788,1.953,3.764,3.283,0.467,0.204,1.173,1.926,1.072,0.919,1.733,1.009,1.145,3.417,1.183,1.232,0.204,1.535,2.188,2.128,0.937,0.860,1.480,0.013,1.980,0.039,0.656,1.166,1.767
2.513,1.755,2.948,1.284,2.333,1.690,1.020,0.323,2.296,1.862,0.492,1.551,2.501,0.957,1.630,0.489,0.129,0.023,0.029,0.000,1.566,0.056,1.611,0.230,1.622,2.612,0.314,1.177,1.707,1.798,0.035,1.774,0.057,1.589,0.358,1.078,2.347,2.517,1.541,0.846,2.019,1.911,1.173,1.387,0.977,2.202,1.549,0.449,1.344,0.714,1.627,0.138,0.754,0.242,3.711,3.397,1.336,2.992,1.607,0.655,0.887,0.544,0.187,1.083,1.532,1.034,0.097,1.590,1.126,2.183,1.853,0.013,0.189,1.636,0.746,2.616,1.557,1.629,4.084,1.894,0.249,0.907,2.486,1.378,0.706,1.450,2.113,2.370,0.438,2.427,0.289,1.144,1.053,1.405
4.750,5.076,5.867,3.851,3.811,3.050,3.421,2.195,3.525,3.876,1.385,1.967,0.945,0.121,0.386,2.112,1.819,1.298,1.046,1.566,0.000,0.388,0.882,1.005,2.222,1.558,0.689,1.004,0.384,0.369,2.685,0.805,0.355,1.023,0.698,0.136,0.110,1.649,2.420,1.577,0.627,1.270,2.043,0.126,1.120,2.768,1.555,1.252,0.360,0.128,2.556,0.017,1.675,0.126,2.507,2.419,0.732,2.344,1.661,0.509,0.499,0.752,0.817,1.903,1.347,0.704,0.018,1.614,1.153,2.712,3.378,1.767,1.111,3.693,1.698,4.777,3.583,3.613,6.177,4.185,1.537,3.278,3.913,0.158,0.456,3.262,3.149,3.551,2.721,4.156,2.441,2.595,3.371,0.146
2.698,2.997,3.758,2.382,4.197,3.519,2.466,3.071,3.484,4.875,1.478,1.178,1.044,0.568,0.639,0.819,2.106,1.074,2.520,0.056,0.388,0.000,1.300,0.524,3.237,1.307,0.667,1.713,0.372,0.536,2.873,0.221,1.727,1.430,1.235,2.218,3.013,4.067,3.755,1.723,0.617,1.215,3.600,1.149,0.451,0.890,0.038,0.821,1.085,2.259,0.044,2.355,3.543,2.044,4.995,4.541,3.173,4.415,3.629,1.882,2.242,0.722,0.759,0.101,0.132,0.144,1.526,0.296,0.349,3.876,4.129,2.885,1.975,4.020,2.890,5.133,3.791,4.106,6.752,4.344,2.045,3.503,4.354,0.092,1.208,3.600,4.181,4.395,2.909,4.782,2.498,2.888,3.192,0.353
6.069,5.274,6.776,4.765,4.170,3.313,3.855,1.564,3.465,3.476,1.501,3.106,1.564,0.510,0.377,2.057,0.754,1.277,0.707,1.611,0.882,1.300,0.000,0.256,1.945,2.687,0.423,1.257,1.131,0.774,0.376,1.730,1.469,2.711,1.917,0.028,0.048,1.684,1.490,1.595,0.180,1.256,1.831,0.372,2.334,3.530,1.744,1.352,0.145,0.490,3.437,0.745,1.110,0.865,1.388,1.291,0.236,1.210,0.710,1.589,0.657,1.761,2.017,3.153,2.277,1.456,0.687,2.105,1.742,2.233,3.354,1.551,1.167,3.584,1.399,4.898,3.765,3.600,6.099,4.430,1.540,3.333,3.478,0.377,0.248,3.014,2.642,2.928,2.439,3.524,2.057,1.794,2.788,0.417
2.559,4.050,4.533,2.246,1.170,0.800,1.747,0.354,0.460,1.532,1.247,1.107,3.177,3.998,3.784,2.268,0.031,0.403,0.954,0.230,1.005,0.524,0.256,0.000,0.197,2.351,2.503,4.811,3.387,3.388,2.910,0.286,2.567,1.547,1.641,1.685,0.203,3.086,4.896,5.041,3.738,3.224,3.919,2.539,2.070,0.633,1.859,1.857,1.024,1.541,1.405,0.498,2.072,1.719,4.427,5.083,1.669,4.477,2.981,1.588,3.206,2.729,2.235,0.108,1.357,2.044,2.746,1.803,1.731,5.313,5.976,2.976,3.501,5.794,3.831,6.740,5.530,5.328,7.582,6.337,4.962,5.597,7.207,3.267,3.418,5.710,5.514,6.076,5.563,6.610,5.700,6.486,6.800,3.876
1.154,3.062,3.148,1.843,1.957,0.947,1.110,1.540,1.440,2.469,1.278,0.867,2.382,2.642,2.230,2.590,1.437,1.963,0.229,1.622,2.222,3.237,1.945,0.197,0.000,1.055,1.818,3.538,1.756,1.954,0.402,0.451,1.050,2.471,0.957,1.159,0.018,2.412,3.195,4.274,3.158,1.653,2.963,2.820,3.047,2.410,3.845,3.048,1.639,2.363,0.929,0.392,1.344,2.129,4.246,5.402,1.505,4.258,1.918,1.642,3.719,3.613,2.609,0.007,1.095,1.343,2.774,2.412,2.042,4.874,5.880,2.166,3.197,4.497,3.301,5.487,3.740,3.308,5.738,4.895,4.838,4.662,6.978,3.104,3.307,4.526,4.796,5.332,4.968,5.505,5.254,7.040,6.616,4.246
4.460,4.466,5.482,3.327,2.010,0.566,1.842,0.292,2.658,1.273,1.407,1.767,0.216,1.727,0.728,0.390,0.385,2.047,0.870,2.612,1.558,1.307,2.687,2.351,1.055,0.000,0.364,2.262,2.082,0.538,0.731,1.422,0.903,0.235,1.171,0.798,1.131,0.687,1.298,2.645,1.009,0.267,0.879,0.457,0.420,1.541,0.589,0.152,0.218,0.158,3.764,2.076,0.816,0.907,1.269,1.840,1.273,1.205,0.512,1.704,0.201,0.489,1.172,3.190,2.069,1.434,0.620,1.495,1.622,1.860,3.015,0.071,0.441,2.507,0.535,3.573,2.228,1.859,4.162,3.212,1.925,2.561,4.035,0.080,0.228,2.394,2.132,2.745,2.576,3.381,2.724,3.569,4.013,0.884
1.765,2.769,1.427,2.989,1.126,1.707,3.158,2.920,1.992,0.853,3.523,2.346,0.000,1.687,0.586,2.003,3.832,0.343,2.813,0.314,0.689,0.667,0.423,2.503,1.818,0.364,0.000,1.465,2.444,1.569,0.979,2.790,1.708,0.784,2.313,0.020,0.364,0.638,1.564,1.809,1.402,1.957,1.020,0.307,1.616,0.294,0.126,1.269,0.493,2.798,0.445,0.787,0.715,1.908,4.842,4.823,2.080,4.700,2.590,1.802,3.171,1.274,1.900,1.219,0.881,1.267,1.249,0.576,0.131,3.174,2.329,0.024,0.191,2.465,1.338,2.855,2.145,1.939,4.118,2.140,1.021,1.267,3.751,0.252,0.311,2.711,3.274,3.909,1.212,3.687,1.336,2.405,2.125,0.182
0.725,1.240,0.144,2.435,2.044,3.172,3.316,3.679,1.690,2.122,2.666,2.611,1.466,3.557,1.394,3.827,4.536,1.743,1.274,1.177,1.004,1.713,1.257,4.811,3.538,2.262,1.465,0.000,0.535,1.085,2.247,0.200,1.965,3.719,0.856,1.561,0.297,0.230,2.509,0.591,0.302,0.931,0.239,0.121,1.602,0.398,0.080,0.389,1.372,1.101,1.281,0.842,0.588,0.268,3.071,3.237,0.333,3.072,1.137,0.129,2.047,0.445,0.848,0.244,0.298,0.058,0.324,2.114,1.876,1.331,0.698,1.289,1.733,1.140,0.477,1.358,0.563,0.817,2.766,0.846,0.296,0.288,2.863,0.925,1.183,1.526,1.796,2.768,0.931,3.294,1.297,2.763,2.617,0.156
1.979,2.216,2.948,0.649,0.555,0.913,0.271,0.138,1.483,0.803,0.288,0.605,0.769,2.574,0.017,3.739,1.026,1.090,1.447,1.707,0.384,0.372,1.131,3.387,1.756,2.082,2.444,0.535,0.000,0.880,3.346,0.707,1.574,1.723,0.154,2.333,1.732,0.588,2.178,1.058,0.863,0.334,0.474,0.711,0.643,1.485,0.380,1.284,1.033,0.116,2.457,1.129,0.153,0.350,2.107,2.361,0.216,2.218,0.640,0.941,1.186,0.273,0.273,1.567,1.153,0.854,0.672,2.427,2.142,1.345,1.638,0.319,0.997,1.933,0.088,2.449,1.230,1.415,3.705,1.923,0.232,1.519,3.336,0.876,0.799,2.024,2.011,2.931,2.006,3.788,2.168,3.239,3.686,0.459
0.247,0.514,0.430,1.042,0.406,0.909,1.806,1.257,0.065,0.561,0.756,1.588,0.370,1.552,0.074,3.246,3.033,1.787,2.038,1.798,0.369,0.536,0.774,3.388,1.954,0.538,1.569,1.085,0.880,0.000,0.798,2.010,2.067,0.008,2.696,0.895,0.773,0.312,1.550,0.499,0.317,0.094,1.507,2.239,2.110,0.640,2.110,1.379,2.146,3.118,0.176,0.474,0.897,1.592,2.760,2.938,0.996,3.073,1.350,0.182,2.235,0.166,0.062,0.521,0.321,0.190,0.176,1.860,1.340,2.219,2.934,0.676,0.340,2.842,1.003,3.519,2.285,2.081,4.430,3.021,1.209,2.409,3.958,0.231,0.165,2.911,2.964,3.821,2.501,4.667,2.391,2.816,3.228,0.454
5.087,3.271,5.427,3.461,2.599,1.196,1.864,0.608,2.218,0.833,1.191,3.237,2.295,0.419,0.704,2.012,1.605,0.783,2.142,0.035,2.685,2.873,0.376,2.910,0.402,0.731,0.979,2.247,3.346,0.798,0.000,1.365,0.410,0.626,0.210,0.585,0.949,0.965,0.855,0.227,2.611,1.763,0.678,2.606,3.999,4.621,2.348,2.274,1.422,1.738,5.589,3.673,2.338,3.418,0.970,1.203,3.234,1.565,2.574,4.169,3.277,4.340,4.611,5.960,5.270,4.355,3.744,4.760,4.739,1.004,0.059,2.144,2.100,0.003,2.023,1.372,0.442,0.258,2.403,1.133,1.116,0.096,0.451,3.156,2.888,0.391,0.762,0.415,0.808,0.195,0.924,0.753,0.010,3.083
5.758,5.158,6.462,3.887,2.417,1.294,2.779,0.826,3.144,1.564,1.501,2.664,1.787,0.282,1.206,1.348,0.753,0.380,0.386,1.774,0.805,0.221,1.730,0.286,0.451,1.422,2.790,0.200,0.707,2.010,1.365,0.000,0.043,1.278,1.240,2.944,2.051,1.300,0.322,0.888,1.704,1.657,1.384,2.918,3.352,5.375,4.207,4.200,3.936,3.363,5.895,3.793,2.279,3.494,0.502,0.326,2.802,0.597,1.692,3.494,2.117,3.120,3.045,4.603,3.841,3.020,2.949,4.247,4.106,0.334,0.075,2.045,2.241,0.522,1.710,1.434,0.509,0.442,2.701,1.043,1.112,0.098,1.330,2.453,2.487,0.347,0.002,0.621,0.081,1.262,0.017,0.671,1.321,1.885
4.166,2.695,4.467,2.111,0.994,0.179,0.744,1.486,1.392,0.477,0.210,2.010,1.908,0.508,0.649,1.280,1.810,1.501,0.419,0.057,0.355,1.727,1.469,2.567,1.050,0.903,1.708,1.965,1.574,2.067,0.410,0.043,0.000,0.660,0.100,1.656,0.009,0.183,0.878,1.552,2.999,2.983,1.604,3.503,3.344,4.919,3.352,3.128,3.302,2.405,5.543,3.924,2.917,3.438,0.375,0.293,2.929,0.733,2.184,3.476,2.281,3.374,3.203,4.729,4.238,3.356,3.274,4.357,4.310,0.707,0.454,2.900,2.650,0.334,2.208,0.670,0.114,0.271,1.824,0.354,1.406,0.785,0.689,2.860,2.961,0.430,0.610,0.071,1.087,0.356,0.929,0.114,0.206,2.621
3.530,1.861,3.922,0.947,1.787,2.187,0.522,4.148,1.409,3.391,2.701,0.261,0.456,2.739,2.186,1.167,2.849,3.123,0.261,1.589,1.023,1.430,2.711,1.547,2.471,0.235,0.784,3.719,1.723,0.008,0.626,1.278,0.660,0.000,1.001,0.545,0.802,0.179,0.295,0.160,1.406,1.584,0.733,3.884,3.008,4.410,4.011,2.678,4.666,3.980,6.506,4.799,3.404,3.597,0.042,0.858,3.097,0.074,1.423,2.407,1.338,1.340,1.106,3.571,2.211,0.903,1.473,1.770,2.238,1.242,0.953,2.401,1.003,1.314,0.740,2.143,1.811,1.431,3.077,2.033,0.923,0.687,2.701,0.120,0.862,1.432,0.924,1.452,0.440,1.498,0.923,1.904,1.938,0.267
3.640,2.334,3.904,1.421,0.272,0.620,0.339,1.721,0.947,0.967,0.407,1.431,1.709,0.769,0.708,1.071,1.511,2.216,0.892,0.358,0.698,1.235,1.917,1.641,0.957,1.171,2.313,0.856,0.154,2.696,0.210,1.240,0.100,1.001,0.000,2.589,0.796,1.193,0.820,2.439,3.128,3.305,2.104,4.012,3.094,5.104,4.403,4.055,4.696,2.999,5.400,3.927,3.045,3.457,0.043,0.155,2.605,0.247,1.750,2.968,1.798,2.902,2.411,3.917,3.575,2.680,2.959,4.129,4.026,0.481,0.797,3.174,2.934,0.396,2.221,0.365,0.261,0.364,1.683,0.007,1.652,1.126,0.743,2.689,2.988,0.361,0.460,0.155,1.254,0.454,0.981,0.055,0.209,2.440
0.541,2.100,0.555,2.002,0.699,1.019,2.013,2.618,1.553,0.598,3.457,1.382,0.269,1.513,0.641,2.623,3.109,0.990,2.699,1.078,0.136,2.218,0.028,1.685,1.159,0.798,0.020,1.561,2.333,0.895,0.585,2.944,1.656,0.545,2.589,0.000,0.406,0.000,1.016,2.528,1.768,1.650,0.443,1.821,0.113,1.770,2.454,1.405,2.341,1.020,0.174,0.563,0.790,0.805,4.109,3.664,1.984,3.968,2.962,1.361,1.934,0.055,1.174,0.926,0.568,1.355,0.741,1.162,0.537,3.090,1.817,0.050,0.077,2.780,1.330,3.144,2.947,2.789,4.804,2.478,0.514,1.217,3.155,0.149,0.019,2.846,3.091,3.560,0.790,3.196,0.883,1.493,1.574,0.404
1.923,0.579,2.112,0.149,0.249,0.078,0.008,1.610,0.224,0.076,2.344,0.012,0.551,1.323,0.480,2.439,1.426,2.549,0.939,2.347,0.110,3.013,0.048,0.203,0.018,1.131,0.364,0.297,1.732,0.773,0.949,2.051,0.009,0.802,0.796,0.406,0.000,0.167,1.268,1.616,1.495,1.070,0.253,2.684,1.603,3.623,4.446,3.260,4.396,1.710,2.344,0.686,0.307,0.950,2.659,2.520,0.899,2.647,2.056,0.221,0.544,0.803,0.219,0.475,0.488,0.539,0.076,1.687,1.187,2.533,1.371,0.146,0.304,2.594,0.852,3.097,2.872,2.830,4.908,2.525,0.272,1.216,2.810,0.292,0.443,2.511,2.490,2.922,0.753,2.838,0.857,1.399,1.674,0.671
0.663,2.174,0.519,2.276,1.499,2.012,2.627,3.612,2.240,1.579,4.035,2.119,0.924,2.755,1.803,4.319,4.272,2.468,1.020,2.517,1.649,4.067,1.684,3.086,2.412,0.687,0.638,0.230,0.588,0.312,0.965,1.300,0.183,0.179,1.193,0.000,0.167,0.000,1.859,1.696,0.928,0.581,0.487,1.392,0.234,1.670,2.329,1.841,2.489,0.500,0.912,0.486,0.026,0.015,2.986,2.705,0.793,3.121,2.258,0.341,1.465,0.264,0.705,0.300,0.317,1.059,0.047,1.813,1.418,2.293,1.172,0.545,0.639,2.556,0.545,2.824,2.840,2.900,4.522,2.439,0.342,1.133,2.986,0.053,0.419,2.725,2.571,3.264,0.953,3.312,1.187,1.737,1.985,0.110
0.204,1.452,0.540,1.179,0.776,1.892,2.425,3.903,1.855,1.800,2.795,1.232,0.728,2.224,2.258,4.010,5.429,1.768,0.592,1.541,2.420,3.755,1.490,4.896,3.195,1.298,1.564,2.509,2.178,1.550,0.855,0.322,0.878,0.295,0.820,1.016,1.268,1.859,0.000,0.329,2.449,1.521,0.142,1.309,0.577,1.404,0.022,0.281,0.262,1.072,2.911,2.623,2.153,1.671,0.241,0.101,2.090,0.021,1.570,2.986,1.231,3.010,2.655,3.509,3.014,2.118,2.629,3.751,3.725,0.096,0.625,2.109,1.430,0.814,1.297,1.847,1.438,1.106,2.756,1.779,0.055,0.294,1.515,1.572,1.899,0.779,0.295,0.888,0.339,1.249,0.184,0.093,0.546,1.847
0.042,0.502,0.608,1.301,1.192,2.796,2.622,2.683,0.976,1.310,1.580,2.196,2.174,3.553,1.440,5.233,4.152,0.406,1.690,0.846,1.577,1.723,1.595,5.041,4.274,2.645,1.809,0.591,1.058,0.499,0.227,0.888,1.552,0.160,2.439,2.528,1.616,1.696,0.329,0.000,0.735,0.157,1.835,1.510,1.314,0.454,1.369,0.732,0.608,0.765,2.480,2.544,2.156,1.189,0.311,0.100,2.108,0.315,1.493,3.085,0.150,1.749,1.717,2.564,1.822,1.463,2.414,4.273,3.982,0.226,0.574,2.093,2.136,1.087,1.697,1.487,0.638,0.083,2.160,1.225,0.641,0.636,2.426,1.209,1.901,1.337,0.585,1.833,1.243,2.866,1.652,2.231,3.109,0.003
0.912,0.465,1.547,0.133,0.349,1.407,1.327,1.387,0.298,0.105,0.154,0.473,0.452,1.429,0.089,2.806,2.910,1.763,1.734,2.019,0.627,0.617,0.180,3.738,3.158,1.009,1.402,0.302,0.863,0.317,2.611,1.704,2.999,1.406,3.128,1.768,1.495,0.928,2.449,0.735,0.000,0.914,1.363,2.162,0.386,0.235,2.498,0.121,2.114,0.948,2.846,2.748,2.284,1.417,1.487,1.137,2.810,1.183,3.095,4.225,1.234,3.242,3.675,4.392,3.713,3.089,3.278,4.548,4.362,0.642,1.456,1.736,1.273,1.008,1.640,1.939,0.588,0.648,1.880,1.621,0.111,1.186,2.108,1.584,1.767,0.881,0.038,0.923,1.305,1.679,1.393,1.226,2.816,0.916
1.602,0.882,2.138,0.768,1.545,0.039,0.367,0.609,1.126,1.101,0.497,0.280,0.691,0.532,0.782,3.661,2.351,1.743,1.416,1.911,1.270,1.215,1.256,3.224,1.653,0.267,1.957,0.931,0.334,0.094,1.763,1.657,2.983,1.584,3.305,1.650,1.070,0.581,1.521,0.157,0.914,0.000,0.595,1.645,0.305,1.332,0.872,0.506,2.597,1.246,2.158,1.342,0.550,0.771,0.377,0.370,1.398,0.093,1.371,3.265,0.813,3.036,3.143,3.463,3.063,2.599,2.589,4.508,3.898,0.025,1.719,0.388,0.862,1.814,0.775,2.824,1.514,0.779,3.441,2.425,0.485,1.727,1.997,1.903,1.621,1.480,0.835,1.626,1.293,2.552,0.907,0.570,1.904,1.531
1.063,2.514,0.870,2.223,1.185,2.015,2.866,3.589,2.254,1.488,3.564,2.137,0.978,2.400,1.902,4.457,4.831,1.228,0.722,1.173,2.043,3.600,1.831,3.919,2.963,0.879,1.020,0.239,0.474,1.507,0.678,1.384,1.604,0.733,2.104,0.443,0.253,0.487,0.142,1.835,1.363,0.595,0.000,0.764,0.427,0.757,0.420,0.025,0.557,2.171,0.825,1.117,0.884,0.179,1.135,0.998,0.491,1.658,0.678,1.544,0.489,1.603,0.874,0.986,0.616,0.033,1.204,3.057,2.695,1.340,1.201,1.079,0.725,2.304,0.140,2.880,2.927,2.817,4.150,2.753,0.282,1.146,2.426,0.332,0.884,2.397,1.834,2.577,0.558,2.759,0.698,0.712,1.271,0.729
1.593,0.788,2.155,0.410,0.250,1.296,0.879,1.953,0.590,0.386,1.694,0.934,1.617,2.716,1.966,3.684,2.898,0.930,2.282,1.387,0.126,1.149,0.372,2.539,2.820,0.457,0.307,0.121,0.711,2.239,2.606,2.918,3.503,3.884,4.012,1.821,2.684,1.392,1.309,1.510,2.162,1.645,0.764,0.000,1.087,2.332,0.174,1.494,0.535,1.332,4.734,3.520,2.056,2.617,1.780,0.570,2.760,0.442,1.631,4.066,0.790,1.764,1.836,3.415,1.126,0.075,1.148,2.013,2.172,1.997,3.552,0.094,1.132,4.227,0.726,4.922,4.262,3.070,5.000,4.953,2.776,4.106,4.812,1.764,1.069,4.226,2.578,3.559,4.077,4.357,4.193,3.270,4.884,1.886
0.305,0.476,0.948,0.840,1.423,2.001,2.191,3.164,2.213,1.621,3.058,2.143,1.832,2.815,3.164,1.297,3.560,0.591,2.063,0.977,1.120,0.451,2.334,2.070,3.047,0.420,1.616,1.602,0.643,2.110,3.999,3.352,3.344,3.008,3.094,0.113,1.603,0.234,0.577,1.314,0.386,0.305,0.427,1.087,0.000,0.396,1.748,1.570,0.075,0.169,3.897,2.814,1.833,0.963,0.343,1.929,1.673,1.261,0.822,1.848,0.928,0.746,0.111,2.438,0.029,1.221,0.711,0.560,0.073,3.519,4.309,0.134,2.101,4.021,1.741,4.789,4.206,2.938,4.755,4.643,4.523,3.593,5.931,3.076,2.307,4.273,3.418,4.154,3.342,3.871,3.896,4.460,4.349,2.812
0.795,0.781,0.180,1.814,1.885,2.088,2.438,2.500,2.139,1.250,3.226,2.398,0.991,2.408,2.048,0.741,2.488,1.754,4.230,2.202,2.768,0.890,3.530,0.633,2.410,1.541,0.294,0.398,1.485,0.640,4.621,5.375,4.919,4.410,5.104,1.770,3.623,1.670,1.404,0.454,0.235,1.332,0.757,2.332,0.396,0.000,0.392,0.266,1.823,0.650,3.011,2.207,1.539,0.315,0.857,3.175,0.540,2.644,0.082,0.888,2.984,2.433,2.150,0.304,1.980,3.183,2.043,1.675,1.197,4.787,4.836,0.112,2.607,4.756,2.557,5.046,4.506,2.854,4.977,4.574,5.008,3.724,7.058,4.373,3.274,5.228,4.548,5.497,3.567,4.394,4.169,5.019,4.707,3.668
0.102,0.082,0.701,1.413,2.334,2.976,2.477,2.882,2.140,1.638,3.342,3.245,3.224,4.461,3.312,3.088,3.143,0.973,3.863,1.549,1.555,0.038,1.744,1.859,3.845,0.589,0.126,0.080,0.380,2.110,2.348,4.207,3.352,4.011,4.403,2.454,4.446,2.329,0.022,1.369,2.498,0.872,0.420,0.174,1.748,0.392,0.000,1.468,2.362,1.892,3.628,2.928,1.728,1.024,0.178,2.107,1.408,1.981,0.076,1.688,2.222,1.601,1.445,0.768,1.665,2.829,1.303,0.600,0.227,4.089,4.652,0.273,2.174,5.246,2.117,5.420,4.912,3.603,5.464,5.257,4.733,4.585,7.287,4.215,2.967,5.726,4.408,5.659,5.145,5.822,6.049,6.573,6.933,4.789
2.272,2.785,1.757,3.345,2.638,2.799,3.591,3.757,3.438,2.007,5.048,3.597,1.875,3.414,2.980,2.754,3.975,0.114,3.741,0.449,1.252,0.821,1.352,1.857,3.048,0.152,1.269,0.389,1.284,1.379,2.274,4.200,3.128,2.678,4.055,1.405,3.260,1.841,0.281,0.732,0.121,0.506,0.025,1.494,1.570,0.266,1.468,0.000,2.756,0.603,1.139,1.197,0.725,0.833,2.568,4.246,0.574,4.275,1.964,0.618,3.697,2.401,2.874,1.389,2.792,3.758,2.479,1.360,1.178,4.927,4.171,0.357,2.187,4.917,2.702,5.047,5.004,3.933,5.630,4.720,4.237,3.530,6.348,3.755,2.860,5.423,4.970,5.855,3.320,5.097,3.773,4.304,4.274,2.902
1.000,0.510,1.519,0.014,0.031,0.608,0.565,1.331,0.569,0.551,2.318,1.363,1.392,2.603,1.742,4.116,2.040,1.061,3.465,1.344,0.360,1.085,0.145,1.024,1.639,0.218,0.493,1.372,1.033,2.146,1.422,3.936,3.302,4.666,4.696,2.341,4.396,2.489,0.262,0.608,2.114,2.597,0.557,0.535,0.075,1.823,2.362,2.756,0.000,1.100,1.733,0.596,1.184,0.025,0.391,1.479,0.267,2.232,1.884,1.286,1.551,0.111,0.531,0.187,1.601,2.760,1.382,0.287,0.132,4.539,5.554,3.104,3.378,7.242,3.493,7.764,7.253,6.058,8.388,7.688,3.799,6.573,6.350,3.453,3.166,6.964,5.411,6.232,5.492,6.473,5.037,3.947,5.476,2.843
0.916,2.158,0.613,1.903,1.683,1.681,2.210,3.584,3.049,1.490,4.956,2.511,1.954,3.156,3.462,3.350,3.849,0.888,1.870,0.714,0.128,2.259,0.490,1.541,2.363,0.158,2.798,1.101,0.116,3.118,1.738,3.363,2.405,3.980,2.999,1.020,1.710,0.500,1.072,0.765,0.948,1.246,2.171,1.332,0.169,0.650,1.892,0.603,1.100,0.000,1.517,0.937,0.416,0.991,2.312,3.448,0.689,4.002,3.203,0.745,2.570,1.640,2.161,1.134,2.883,4.122,3.063,1.970,1.871,5.966,5.649,2.198,4.088,6.749,4.297,7.283,7.592,6.644,8.023,7.151,5.375,5.406,6.773,4.550,4.107,6.888,6.148,6.565,4.312,5.726,4.380,3.904,4.439,2.991
0.888,0.877,0.120,0.303,1.066,1.440,0.487,0.890,0.508,1.026,2.188,1.144,1.881,0.872,0.017,0.520,0.955,1.624,3.641,1.627,2.556,0.044,3.437,1.405,0.929,3.764,0.445,1.281,2.457,0.176,5.589,5.895,5.543,6.506,5.400,0.174,2.344,0.912,2.911,2.480,2.846,2.158,0.825,4.734,3.897,3.011,3.628,1.139,1.733,1.517,0.000,0.966,1.149,0.026,0.165,1.500,2.885,2.086,2.222,0.281,0.078,0.928,0.527,1.155,1.811,3.971,3.024,1.973,3.074,7.285,5.734,2.589,5.578,6.307,6.000,6.883,6.995,3.984,7.075,5.354,3.253,3.698,4.345,3.590,3.962,5.568,5.635,4.662,1.276,1.750,0.990,0.097,0.704,0.099
0.075,2.107,0.894,0.639,0.356,0.449,0.619,2.098,1.390,0.040,2.888,0.270,1.059,0.122,0.544,1.529,2.505,0.095,1.831,0.138,0.017,2.355,0.745,0.498,0.392,2.076,0.787,0.842,1.129,0.474,3.673,3.793,3.924,4.799,3.927,0.563,0.686,0.486,2.623,2.544,2.748,1.342,1.117,3.520,2.814,2.207,2.928,1.197,0.596,0.937,0.966,0.000,0.063,1.833,3.858,3.207,0.250,1.887,0.281,1.918,2.730,2.965,1.875,0.325,0.220,2.069,0.212,0.681,0.111,3.689,2.664,1.551,3.626,4.625,3.463,5.190,5.950,3.084,5.507,3.878,1.078,1.902,1.207,1.647,1.464,3.496,2.307,1.566,0.674,0.578,0.801,2.332,1.399,1.604
0.429,2.371,0.973,1.020,0.233,0.192,1.284,2.490,1.480,0.328,2.742,0.303,0.511,0.376,0.695,2.973,3.392,0.677,0.675,0.754,1.675,3.543,1.110,2.072,1.344,0.816,0.715,0.588,0.153,0.897,2.338,2.279,2.917,3.404,3.045,0.790,0.307,0.026,2.153,2.156,2.284,0.550,0.884,2.056,1.833,1.539,1.728,0.725,1.184,0.416,1.149,0.063,0.000,1.362,4.133,4.840,1.867,2.885,0.635,2.976,3.056,3.875,3.246,1.371,0.953,0.092,2.348,2.979,3.181,0.605,0.580,0.652,1.221,3.165,0.660,3.903,4.812,2.432,4.550,2.937,0.338,0.887,0.478,0.161,0.600,2.064,0.291,0.062,1.484,1.206,1.562,3.238,2.107,2.379
1.814,3.255,2.137,2.367,1.453,1.484,2.474,3.400,2.871,1.532,4.251,1.634,0.504,1.590,2.049,2.120,3.768,0.315,1.978,0.242,0.126,2.044,0.865,1.719,2.129,0.907,1.908,0.268,0.350,1.592,3.418,3.494,3.438,3.597,3.457,0.805,0.950,0.015,1.671,1.189,1.417,0.771,0.179,2.617,0.963,0.315,1.024,0.833,0.025,0.991,0.026,1.833,1.362,0.000,0.986,0.900,0.331,1.811,1.091,1.117,0.569,0.417,0.560,0.547,2.147,3.481,2.126,1.217,1.101,5.239,4.599,0.656,3.710,5.437,3.636,5.921,6.563,4.187,6.043,5.338,3.847,3.492,4.565,3.637,3.326,5.453,5.026,4.772,1.663,2.348,1.702,0.879,1.446,0.857
3.831,6.522,4.256,4.828,3.629,3.681,5.005,6.482,5.597,4.454,7.001,3.321,1.909,3.118,3.919,3.773,6.712,3.735,1.062,3.711,2.507,4.995,1.388,4.427,4.246,1.269,4.842,3.071,2.107,2.760,0.970,0.502,0.375,0.042,0.043,4.109,2.659,2.986,0.241,0.311,1.487,0.377,1.135,1.780,0.343,0.857,0.178,2.568,0.391,2.312,0.165,3.858,4.133,0.986,0.000,0.089,2.821,0.400,0.174,0.509,0.917,0.996,0.302,0.409,0.341,1.315,0.504,0.274,1.467,1.907,0.895,2.607,0.303,1.897,0.053,2.656,3.807,2.954,3.286,2.941,2.058,0.646,1.810,1.284,0.191,2.121,1.194,1.309,0.616,0.219,0.113,0.547,0.413,0.541
6.568,8.326,7.180,6.959,5.197,5.125,6.746,7.273,6.881,5.743,7.626,4.547,2.543,3.533,4.312,3.516,7.297,3.475,0.898,3.397,2.419,4.541,1.291,5.083,5.402,1.840,4.823,3.237,2.361,2.938,1.203,0.326,0.293,0.858,0.155,3.664,2.520,2.705,0.101,0.100,1.137,0.370,0.998,0.570,1.929,3.175,2.107,4.246,1.479,3.448,1.500,3.207,4.840,0.900,0.089,0.000,3.492,0.110,1.323,0.837,0.516,0.806,1.070,1.024,1.632,2.073,0.167,1.439,0.884,1.565,0.578,3.626,0.271,0.932,0.543,1.621,2.932,1.711,1.474,2.107,2.648,0.052,1.427,2.090,0.583,1.450,0.341,0.458,1.175,1.059,0.446,0.871,1.112,0.007
2.100,4.281,3.374,2.515,1.151,0.881,2.286,3.581,2.962,1.759,4.120,0.735,0.455,0.307,1.316,1.630,3.834,1.246,0.802,1.336,0.732,3.173,0.236,1.669,1.505,1.273,2.080,0.333,0.216,0.996,3.234,2.802,2.929,3.097,2.605,1.984,0.899,0.793,2.090,2.108,2.810,1.398,0.491,2.760,1.673,0.540,1.408,0.574,0.267,0.689,2.885,0.250,1.867,0.331,2.821,3.492,0.000,2.254,0.022,0.199,2.442,2.172,1.286,1.062,0.749,2.391,0.141,0.474,0.696,3.171,1.355,0.479,2.996,2.768,2.532,3.296,4.615,2.120,3.153,2.621,1.067,0.485,0.075,1.623,1.192,2.071,0.928,0.002,1.840,2.104,1.746,3.298,2.843,1.874
4.936,6.867,5.434,5.184,3.494,3.579,5.228,6.144,5.556,4.277,6.416,3.396,1.870,2.573,3.748,3.110,6.522,2.939,0.977,2.992,2.344,4.415,1.210,4.477,4.258,1.205,4.700,3.072,2.218,3.073,1.565,0.597,0.733,0.074,0.247,3.968,2.647,3.121,0.021,0.315,1.183,0.093,1.658,0.442,1.261,2.644,1.981,4.275,2.232,4.002,2.086,1.887,2.885,1.811,0.400,0.110,2.254,0.000,0.551,0.940,0.576,0.166,0.402,0.276,1.055,1.590,0.674,1.330,0.332,2.528,2.051,1.757,1.714,2.096,0.960,3.116,4.165,2.735,3.029,3.338,3.200,1.129,1.841,2.082,1.365,2.259,1.471,1.084,0.587,0.712,0.259,1.265,1.170,0.377
1.966,4.177,2.522,2.415,0.588,0.970,2.599,3.654,2.678,1.497,3.688,0.930,0.389,0.351,1.333,2.159,4.510,1.400,0.135,1.607,1.661,3.629,0.710,2.981,1.918,0.512,2.590,1.137,0.640,1.350,2.574,1.692,2.184,1.423,1.750,2.962,2.056,2.258,1.570,1.493,3.095,1.371,0.678,1.631,0.822,0.082,0.076,1.964,1.884,3.203,2.222,0.281,0.635,1.091,0.174,1.323,0.022,0.551,0.000,1.035,2.261,3.670,3.054,1.369,1.550,0.553,1.808,1.906,2.262,1.612,1.478,0.897,1.070,1.834,0.783,3.124,3.857,2.313,3.821,2.725,0.715,0.384,0.199,0.457,0.505,1.325,0.839,0.250,2.033,1.552,2.109,3.273,2.655,2.948
2.629,4.976,3.835,3.377,1.711,1.486,2.991,3.773,3.228,2.159,4.403,0.915,0.966,0.274,0.927,0.674,3.795,0.668,1.837,0.655,0.509,1.882,1.589,1.588,1.642,1.704,1.802,0.129,0.941,0.182,4.169,3.494,3.476,2.407,2.968,1.361,0.221,0.341,2.986,3.085,4.225,3.265,1.544,4.066,1.848,0.888,1.688,0.618,1.286,0.745,0.281,1.918,2.976,1.117,0.509,0.837,0.199,0.940,1.035,0.000,1.138,2.247,0.257,0.436,0.028,1.613,0.176,0.100,0.278,3.048,1.162,2.471,0.691,1.507,0.783,2.149,2.761,0.935,2.530,1.581,0.748,0.412,1.137,0.750,0.037,1.443,1.275,0.968,2.132,1.294,1.849,2.082,2.007,2.200
4.295,4.878,4.301,4.205,3.042,3.133,4.447,4.844,4.469,3.415,4.911,2.784,1.340,1.972,2.989,1.537,5.082,0.957,0.754,0.887,0.499,2.242,0.657,3.206,3.719,0.201,3.171,2.047,1.186,2.235,3.277,2.117,2.281,1.338,1.798,1.934,0.544,1.465,1.231,0.150,1.234,0.813,0.489,0.790,0.928,2.984,2.222,3.697,1.551,2.570,0.078,2.730,3.056,0.569,0.917,0.516,2.442,0.576,2.261,1.138,0.000,1.022,0.024,1.729,1.413,2.213,1.312,2.472,0.662,3.513,3.636,1.331,2.526,2.903,1.560,3.724,3.965,1.980,3.046,3.607,4.548,2.046,4.020,3.808,2.766,3.212,2.431,2.474,0.615,0.068,0.954,0.364,0.332,0.996
4.532,4.355,4.357,4.666,3.316,3.515,4.802,4.177,3.868,3.231,3.929,2.644,0.289,1.363,1.537,0.572,4.317,0.388,2.283,0.544,0.752,0.722,1.761,2.729,3.613,0.489,1.274,0.445,0.273,0.166,4.340,3.120,3.374,1.340,2.902,0.055,0.803,0.264,3.010,1.749,3.242,3.036,1.603,1.764,0.746,2.433,1.601,2.401,0.111,1.640,0.928,2.965,3.875,0.417,0.996,0.806,2.172,0.166,3.670,2.247,1.022,0.000,0.046,1.665,0.337,0.887,0.905,0.235,1.124,1.821,1.686,3.219,0.082,0.761,0.521,1.375,1.193,0.749,0.874,0.997,2.012,0.277,2.687,1.854,0.335,1.123,0.641,1.129,1.302,1.070,0.758,0.157,0.513,0.426
4.847,5.194,6.072,4.749,2.832,2.657,4.333,3.950,3.738,3.117,3.596,1.486,0.655,0.119,0.967,0.632,3.949,0.213,1.756,0.187,0.817,0.759,2.017,2.235,2.609,1.172,1.900,0.848,0.273,0.062,4.611,3.045,3.203,1.106,2.411,1.174,0.219,0.705,2.655,1.717,3.675,3.143,0.874,1.836,0.111,2.150,1.445,2.874,0.531,2.161,0.527,1.875,3.246,0.560,0.302,1.070,1.286,0.402,3.054,0.257,0.024,0.046,0.000,0.830,0.841,0.582,0.060,2.466,0.526,2.154,1.626,2.885,0.787,0.113,0.035,0.942,0.821,1.093,0.209,0.517,1.612,0.919,0.874,1.347,0.499,0.141,0.105,0.646,2.594,3.329,2.472,2.800,3.146,2.080
1.692,3.251,3.055,1.661,0.069,0.363,1.313,1.973,1.619,0.491,2.269,0.900,2.296,1.784,0.233,1.686,2.107,1.217,2.587,1.083,1.903,0.101,3.153,0.108,0.007,3.190,1.219,0.244,1.567,0.521,5.960,4.603,4.729,3.571,3.917,0.926,0.475,0.300,3.509,2.564,4.392,3.463,0.986,3.415,2.438,0.304,0.768,1.389,0.187,1.134,1.155,0.325,1.371,0.547,0.409,1.024,1.062,0.276,1.369,0.436,1.729,1.665,0.830,0.000,0.092,2.327,1.962,2.630,2.934,5.363,3.537,0.566,3.323,2.493,2.990,3.416,3.324,0.757,2.957,2.366,2.055,0.765,1.831,2.045,2.159,2.027,2.345,1.261,1.579,1.908,1.781,2.586,2.495,2.222
2.926,3.311,3.493,2.507,0.304,0.608,2.414,1.974,1.619,0.616,1.600,0.236,1.712,1.478,0.321,1.185,2.623,1.757,2.461,1.532,1.347,0.132,2.277,1.357,1.095,2.069,0.881,0.298,1.153,0.321,5.270,3.841,4.238,2.211,3.575,0.568,0.488,0.317,3.014,1.822,3.713,3.063,0.616,1.126,0.029,1.980,1.665,2.792,1.601,2.883,1.811,0.220,0.953,2.147,0.341,1.632,0.749,1.055,1.550,0.028,1.413,0.337,0.841,0.092,0.000,1.229,1.937,2.346,1.636,4.146,3.996,0.553,2.837,1.968,2.163,2.878,2.132,0.426,1.958,1.818,2.410,0.779,2.447,2.189,2.448,1.749,2.314,1.761,1.268,1.570,1.692,2.265,2.243,2.135
4.278,4.471,5.274,3.615,0.592,0.964,3.250,2.152,1.988,0.927,1.368,0.819,1.460,1.893,0.498,1.268,2.998,1.491,1.788,1.034,0.704,0.144,1.456,2.044,1.343,1.434,1.267,0.058,0.854,0.190,4.355,3.020,3.356,0.903,2.680,1.355,0.539,1.059,2.118,1.463,3.089,2.599,0.033,0.075,1.221,3.183,2.829,3.758,2.760,4.122,3.971,2.069,0.092,3.481,1.315,2.073,2.391,1.590,0.553,1.613,2.213,0.887,0.582,2.327,1.229,0.000,2.254,3.343,3.300,3.480,3.256,0.358,2.725,0.178,1.943,1.148,0.093,1.864,0.138,0.072,1.294,0.636,0.120,0.629,1.844,0.855,0.844,0.356,2.537,2.854,3.359,4.192,5.231,2.897
4.332,5.112,5.152,4.369,2.228,2.466,4.125,3.648,3.292,2.255,3.660,2.115,0.218,0.558,0.834,1.173,4.237,0.214,1.953,0.097,0.018,1.526,0.687,2.746,2.774,0.620,1.249,0.324,0.672,0.176,3.744,2.949,3.274,1.473,2.959,0.741,0.076,0.047,2.629,2.414,3.278,2.589,1.204,1.148,0.711,2.043,1.303,2.479,1.382,3.063,3.024,0.212,2.348,2.126,0.504,0.167,0.141,0.674,1.808,0.176,1.312,0.905,0.060,1.962,1.937,2.254,0.000,0.065,0.868,2.694,1.411,2.896,0.760,0.779,0.186,1.190,1.559,0.944,0.530,0.470,0.640,1.175,0.565,1.204,0.330,0.928,0.741,0.671,3.087,2.445,2.612,2.925,2.797,2.028
4.753,4.809,5.945,4.913,2.716,2.765,4.310,2.889,2.800,2.113,2.879,1.940,1.131,0.037,0.547,0.064,3.208,1.653,3.764,1.590,1.614,0.296,2.105,1.803,2.412,1.495,0.576,2.114,2.427,1.860,4.760,4.247,4.357,1.770,4.129,1.162,1.687,1.813,3.751,4.273,4.548,4.508,3.057,2.013,0.560,1.675,0.600,1.360,0.287,1.970,1.973,0.681,2.979,1.217,0.274,1.439,0.474,1.330,1.906,0.100,2.472,0.235,2.466,2.630,2.346,3.343,0.065,0.000,0.151,2.119,0.019,4.128,1.282,0.816,1.126,0.959,1.161,3.750,1.415,2.182,1.731,3.273,0.308,0.640,1.294,0.410,0.023,0.526,4.152,2.226,3.455,2.293,2.768,2.300
4.157,4.818,5.646,4.324,2.163,2.165,3.761,2.825,2.633,1.848,2.819,1.414,1.262,0.436,0.459,0.069,3.240,1.266,3.283,1.126,1.153,0.349,1.742,1.731,2.042,1.622,0.131,1.876,2.142,1.340,4.739,4.106,4.310,2.238,4.026,0.537,1.187,1.418,3.725,3.982,4.362,3.898,2.695,2.172,0.073,1.197,0.227,1.178,0.132,1.871,3.074,0.111,3.181,1.101,1.467,0.884,0.696,0.332,2.262,0.278,0.662,1.124,0.526,2.934,1.636,3.300,0.868,0.151,0.000,1.695,1.021,4.850,0.920,1.483,1.728,1.558,0.881,3.282,2.456,2.348,1.765,3.978,1.975,0.263,1.543,1.302,1.854,1.480,5.274,4.129,4.425,4.364,4.615,2.998
6.941,7.698,8.004,6.824,4.060,4.491,6.487,5.532,5.244,4.103,5.224,4.365,1.874,2.176,2.469,3.437,6.452,1.853,0.467,2.183,2.712,3.876,2.233,5.313,4.874,1.860,3.174,1.331,1.345,2.219,1.004,0.334,0.707,1.242,0.481,3.090,2.533,2.293,0.096,0.226,0.642,0.025,1.340,1.997,3.519,4.787,4.089,4.927,4.539,5.966,7.285,3.689,0.605,5.239,1.907,1.565,3.171,2.528,1.612,3.048,3.513,1.821,2.154,5.363,4.146,3.480,2.694,2.119,1.695,0.000,0.410,1.188,0.986,1.852,0.202,1.463,0.458,0.578,3.051,0.737,0.806,2.065,2.568,1.106,0.958,0.735,0.493,0.371,2.342,1.469,2.048,2.695,3.579,0.595
6.100,6.459,6.412,6.245,4.253,5.152,6.424,5.378,4.897,3.892,5.090,5.137,3.151,3.724,3.034,5.352,6.617,1.656,0.204,1.853,3.378,4.129,3.354,5.976,5.880,3.015,2.329,0.698,1.638,2.934,0.059,0.075,0.454,0.953,0.797,1.817,1.371,1.172,0.625,0.574,1.456,1.719,1.201,3.552,4.309,4.836,4.652,4.171,5.554,5.649,5.734,2.664,0.580,4.599,0.895,0.578,1.355,2.051,1.478,1.162,3.636,1.686,1.626,3.537,3.996,3.256,1.411,0.019,1.021,0.410,0.000,0.416,0.006,2.557,0.571,0.266,2.160,0.593,1.176,0.745,1.185,0.415,0.934,2.456,1.823,3.419,1.715,2.931,0.737,1.586,0.974,0.162,0.397,1.720
1.573,2.823,1.951,1.937,0.180,1.017,2.239,2.378,1.483,0.395,2.244,1.147,0.140,0.579,0.338,3.294,3.680,0.151,1.173,0.013,1.767,2.885,1.551,2.976,2.166,0.071,0.024,1.289,0.319,0.676,2.144,2.045,2.900,2.401,3.174,0.050,0.146,0.545,2.109,2.093,1.736,0.388,1.079,0.094,0.134,0.112,0.273,0.357,3.104,2.198,2.589,1.551,0.652,0.656,2.607,3.626,0.479,1.757,0.897,2.471,1.331,3.219,2.885,0.566,0.553,0.358,2.896,4.128,4.850,1.188,0.416,0.000,0.284,2.439,1.317,2.764,3.193,0.479,2.315,1.363,1.559,0.183,1.429,0.965,1.749,1.298,0.738,0.238,2.026,1.274,1.991,3.391,2.312,2.330
4.337,4.824,4.982,4.447,1.998,2.696,4.277,3.067,2.727,1.510,3.049,2.862,0.520,1.170,0.481,2.928,4.258,0.492,1.926,0.189,1.111,1.975,1.167,3.501,3.197,0.441,0.191,1.733,0.997,0.340,2.100,2.241,2.650,1.003,2.934,0.077,0.304,0.639,1.430,2.136,1.273,0.862,0.725,1.132,2.101,2.607,2.174,2.187,3.378,4.088,5.578,3.626,1.221,3.710,0.303,0.271,2.996,1.714,1.070,0.691,2.526,0.082,0.787,3.323,2.837,2.725,0.760,1.282,0.920,0.986,0.006,0.284,0.000,1.632,0.838,0.367,0.673,1.370,1.102,1.524,1.523,2.045,0.488,0.524,0.030,1.632,1.377,1.872,1.674,0.046,1.486,1.815,1.682,0.778
5.128,5.678,5.308,4.907,2.081,3.309,5.185,4.197,3.560,2.313,3.378,3.807,2.033,1.917,1.975,4.373,5.928,1.176,1.072,1.636,3.693,4.020,3.584,5.794,4.497,2.507,2.465,1.140,1.933,2.842,0.003,0.522,0.334,1.314,0.396,2.780,2.594,2.556,0.814,1.087,1.008,1.814,2.304,4.227,4.021,4.756,5.246,4.917,7.242,6.749,6.307,4.625,3.165,5.437,1.897,0.932,2.768,2.096,1.834,1.507,2.903,0.761,0.113,2.493,1.968,0.178,0.779,0.816,1.483,1.852,2.557,2.439,1.632,0.000,0.586,1.264,0.947,0.031,1.158,0.659,0.558,0.572,2.242,1.063,0.285,0.059,0.593,0.895,0.324,0.531,0.927,2.097,2.361,0.486
4.466,5.416,5.256,4.551,2.107,2.678,4.405,3.771,3.295,2.085,3.672,2.747,0.579,1.131,1.074,2.941,4.858,0.459,0.919,0.746,1.698,2.890,1.399,3.831,3.301,0.535,1.338,0.477,0.088,1.003,2.023,1.710,2.208,0.740,2.221,1.330,0.852,0.545,1.297,1.697,1.640,0.775,0.140,0.726,1.741,2.557,2.117,2.702,3.493,4.297,6.000,3.463,0.660,3.636,0.053,0.543,2.532,0.960,0.783,0.783,1.560,0.521,0.035,2.990,2.163,1.943,0.186,1.126,1.728,0.202,0.571,1.317,0.838,0.586,0.000,0.098,1.558,0.677,0.919,0.445,0.775,2.086,1.813,0.112,0.498,0.591,0.129,0.191,2.762,1.488,2.415,3.172,3.131,1.623
5.796,6.454,5.941,5.844,3.135,4.377,6.109,5.103,4.424,3.168,4.513,4.912,3.077,3.285,2.837,6.022,6.853,2.197,1.733,2.616,4.777,5.133,4.898,6.740,5.487,3.573,2.855,1.358,2.449,3.519,1.372,1.434,0.670,2.143,0.365,3.144,3.097,2.824,1.847,1.487,1.939,2.824,2.880,4.922,4.789,5.046,5.420,5.047,7.764,7.283,6.883,5.190,3.903,5.921,2.656,1.621,3.296,3.116,3.124,2.149,3.724,1.375,0.942,3.416,2.878,1.148,1.190,0.959,1.558,1.463,0.266,2.764,0.367,1.264,0.098,0.000,1.749,1.129,0.651,0.650,0.255,0.601,0.649,0.476,0.059,1.655,1.519,2.314,0.666,2.237,0.316,0.570,0.500,0.475
4.950,5.579,5.049,4.811,1.430,2.694,4.906,3.625,3.040,1.526,2.991,3.676,1.531,1.501,1.279,4.290,5.535,0.937,1.009,1.557,3.583,3.791,3.765,5.530,3.740,2.228,2.145,0.563,1.230,2.285,0.442,0.509,0.114,1.811,0.261,2.947,2.872,2.840,1.438,0.638,0.588,1.514,2.927,4.262,4.206,4.506,4.912,5.004,7.253,7.592,6.995,5.950,4.812,6.563,3.807,2.932,4.615,4.165,3.857,2.761,3.965,1.193,0.821,3.324,2.132,0.093,1.559,1.161,0.881,0.458,2.160,3.193,0.673,0.947,1.558,1.749,0.000,0.196,2.030,0.007,0.521,0.286,0.219,2.541,0.424,0.905,2.592,2.772,0.062,2.295,0.853,1.118,1.411,0.992
3.344,4.435,3.244,3.581,0.800,2.097,3.996,3.506,2.461,1.297,2.717,2.774,0.960,1.284,1.117,4.341,5.407,1.155,1.145,1.629,3.613,4.106,3.600,5.328,3.308,1.859,1.939,0.817,1.415,2.081,0.258,0.442,0.271,1.431,0.364,2.789,2.830,2.900,1.106,0.083,0.648,0.779,2.817,3.070,2.938,2.854,3.603,3.933,6.058,6.644,3.984,3.084,2.432,4.187,2.954,1.711,2.120,2.735,2.313,0.935,1.980,0.749,1.093,0.757,0.426,1.864,0.944,3.750,3.282,0.578,0.593,0.479,1.370,0.031,0.677,1.129,0.196,0.000,2.369,0.431,2.169,0.825,0.508,3.880,2.879,0.239,0.685,1.206,1.521,1.574,2.100,1.890,1.802,2.747
5.847,7.057,6.003,5.981,3.174,4.431,6.338,5.919,4.978,3.724,5.173,5.001,3.369,3.505,3.537,6.783,7.746,3.628,3.417,4.084,6.177,6.752,6.099,7.582,5.738,4.162,4.118,2.766,3.705,4.430,2.403,2.701,1.824,3.077,1.683,4.804,4.908,4.522,2.756,2.160,1.880,3.441,4.150,5.000,4.755,4.977,5.464,5.630,8.388,8.023,7.075,5.507,4.550,6.043,3.286,1.474,3.153,3.029,3.821,2.530,3.046,0.874,0.209,2.957,1.958,0.138,0.530,1.415,2.456,3.051,1.176,2.315,1.102,1.158,0.919,0.651,2.030,2.369,0.000,1.153,0.166,0.306,2.283,1.705,1.269,0.138,0.138,0.756,0.293,1.583,0.573,1.598,1.765,0.503
4.914,5.461,4.777,5.049,2.362,3.742,5.446,4.357,3.585,2.385,3.664,4.439,2.619,2.868,2.207,5.602,6.240,1.471,1.183,1.894,4.185,4.344,4.430,6.337,4.895,3.212,2.140,0.846,1.923,3.021,1.133,1.043,0.354,2.033,0.007,2.478,2.525,2.439,1.779,1.225,1.621,2.425,2.753,4.953,4.643,4.574,5.257,4.720,7.688,7.151,5.354,3.878,2.937,5.338,2.941,2.107,2.621,3.338,2.725,1.581,3.607,0.997,0.517,2.366,1.818,0.072,0.470,2.182,2.348,0.737,0.745,1.363,1.524,0.659,0.445,0.650,0.007,0.431,1.153,0.000,0.793,0.244,0.360,1.856,1.392,1.301,1.643,2.746,0.768,3.222,0.279,0.095,0.055,0.068
5.336,5.211,5.068,5.487,3.249,4.271,5.779,4.222,3.790,2.799,3.783,4.638,2.068,2.750,1.759,3.525,5.482,0.061,1.232,0.249,1.537,2.045,1.540,4.962,4.838,1.925,1.021,0.296,0.232,1.209,1.116,1.112,1.406,0.923,1.652,0.514,0.272,0.342,0.055,0.641,0.111,0.485,0.282,2.776,4.523,5.008,4.733,4.237,3.799,5.375,3.253,1.078,0.338,3.847,2.058,2.648,1.067,3.200,0.715,0.748,4.548,2.012,1.612,2.055,2.410,1.294,0.640,1.731,1.765,0.806,1.185,1.559,1.523,0.558,0.775,0.255,0.521,2.169,0.166,0.793,0.000,0.936,3.126,0.154,0.788,1.652,1.856,3.612,0.085,2.575,0.513,1.291,0.930,0.907
3.967,4.409,3.826,4.124,2.040,3.420,4.700,3.826,2.975,2.077,3.021,3.666,2.157,2.489,1.794,4.890,5.542,0.651,0.204,0.907,3.278,3.503,3.333,5.597,4.662,2.561,1.267,0.288,1.519,2.409,0.096,0.098,0.785,0.687,1.126,1.217,1.216,1.133,0.294,0.636,1.186,1.727,1.146,4.106,3.593,3.724,4.585,3.530,6.573,5.406,3.698,1.902,0.887,3.492,0.646,0.052,0.485,1.129,0.384,0.412,2.046,0.277,0.919,0.765,0.779,0.636,1.175,3.273,3.978,2.065,0.415,0.183,2.045,0.572,2.086,0.601,0.286,0.825,0.306,0.244,0.936,0.000,0.329,1.476,2.352,1.018,0.047,1.435,0.186,1.612,0.125,0.922,0.279,0.275
6.949,6.929,6.718,6.840,4.837,6.022,7.455,6.299,5.705,4.971,5.188,5.960,4.050,4.094,4.019,4.894,7.600,2.290,1.535,2.486,3.913,4.354,3.478,7.207,6.978,4.035,3.751,2.863,3.336,3.958,0.451,1.330,0.689,2.701,0.743,3.155,2.810,2.986,1.515,2.426,2.108,1.997,2.426,4.812,5.931,7.058,7.287,6.348,6.350,6.773,4.345,1.207,0.478,4.565,1.810,1.427,0.075,1.841,0.199,1.137,4.020,2.687,0.874,1.831,2.447,0.120,0.565,0.308,1.975,2.568,0.934,1.429,0.488,2.242,1.813,0.649,0.219,0.508,2.283,0.360,3.126,0.329,0.000,0.932,0.264,1.095,1.074,0.322,0.268,0.595,0.684,0.063,0.921,2.180
4.883,4.336,5.140,4.523,1.913,2.806,4.513,2.439,2.254,1.461,1.494,2.624,0.044,0.026,0.279,0.538,3.611,1.776,2.188,1.378,0.158,0.092,0.377,3.267,3.104,0.080,0.252,0.925,0.876,0.231,3.156,2.453,2.860,0.120,2.689,0.149,0.292,0.053,1.572,1.209,1.584,1.903,0.332,1.764,3.076,4.373,4.215,3.755,3.453,4.550,3.590,1.647,0.161,3.637,1.284,2.090,1.623,2.082,0.457,0.750,3.808,1.854,1.347,2.045,2.189,0.629,1.204,0.640,0.263,1.106,2.456,0.965,0.524,1.063,0.112,0.476,2.541,3.880,1.705,1.856,0.154,1.476,0.932,0.000,0.787,1.038,0.738,1.308,1.735,0.647,2.243,1.281,2.320,0.751
4.472,4.580,4.887,4.405,2.093,2.838,4.385,3.041,2.697,1.721,2.661,2.757,0.328,0.847,0.393,1.912,4.147,0.956,2.128,0.706,0.456,1.208,0.248,3.418,3.307,0.228,0.311,1.183,0.799,0.165,2.888,2.487,2.961,0.862,2.988,0.019,0.443,0.419,1.899,1.901,1.767,1.621,0.884,1.069,2.307,3.274,2.967,2.860,3.166,4.107,3.962,1.464,0.600,3.326,0.191,0.583,1.192,1.365,0.505,0.037,2.766,0.335,0.499,2.159,2.448,1.844,0.330,1.294,1.543,0.958,1.823,1.749,0.030,0.285,0.498,0.059,0.424,2.879,1.269,1.392,0.788,2.352,0.264,0.787,0.000,0.823,0.858,1.744,2.715,0.832,2.240,1.991,2.097,1.012
5.233,5.620,5.257,4.916,2.137,3.355,5.267,4.263,3.647,2.456,3.323,3.843,2.032,1.811,2.098,3.792,5.922,1.015,0.937,1.450,3.262,3.600,3.014,5.710,4.526,2.394,2.711,1.526,2.024,2.911,0.391,0.347,0.430,1.432,0.361,2.846,2.511,2.725,0.779,1.337,0.881,1.480,2.397,4.226,4.273,5.228,5.726,5.423,6.964,6.888,5.568,3.496,2.064,5.453,2.121,1.450,2.071,2.259,1.325,1.443,3.212,1.123,0.141,2.027,1.749,0.855,0.928,0.410,1.302,0.735,3.419,1.298,1.632,0.059,0.591,1.655,0.905,0.239,0.138,1.301,1.652,1.018,1.095,1.038,0.823,0.000,1.080,1.481,0.196,0.556,0.966,2.043,2.683,0.447
5.607,6.435,5.955,5.494,3.100,3.875,5.665,5.219,4.628,3.452,4.751,4.034,2.133,2.364,2.785,3.966,6.429,1.836,0.860,2.113,3.149,4.181,2.642,5.514,4.796,2.132,3.274,1.796,2.011,2.964,0.762,0.002,0.610,0.924,0.460,3.091,2.490,2.571,0.295,0.585,0.038,0.835,1.834,2.578,3.418,4.548,4.408,4.970,5.411,6.148,5.635,2.307,0.291,5.026,1.194,0.341,0.928,1.471,0.839,1.275,2.431,0.641,0.105,2.345,2.314,0.844,0.741,0.023,1.854,0.493,1.715,0.738,1.377,0.593,0.129,1.519,2.592,0.685,0.138,1.643,1.856,0.047,1.074,0.738,0.858,1.080,0.000,0.264,1.532,1.055,1.359,2.682,2.819,0.596
5.715,6.332,5.738,5.462,3.248,4.180,5.909,5.548,4.886,3.799,4.774,4.379,2.788,2.741,3.448,4.110,6.833,2.113,1.480,2.370,3.551,4.395,2.928,6.076,5.332,2.745,3.909,2.768,2.931,3.821,0.415,0.621,0.071,1.452,0.155,3.560,2.922,3.264,0.888,1.833,0.923,1.626,2.577,3.559,4.154,5.497,5.659,5.855,6.232,6.565,4.662,1.566,0.062,4.772,1.309,0.458,0.002,1.084,0.250,0.968,2.474,1.129,0.646,1.261,1.761,0.356,0.671,0.526,1.480,0.371,2.931,0.238,1.872,0.895,0.191,2.314,2.772,1.206,0.756,2.746,3.612,1.435,0.322,1.308,1.744,1.481,0.264,0.000,0.130,0.805,0.296,2.315,2.497,0.231
3.143,3.479,2.734,3.374,1.987,3.513,4.375,3.801,2.724,2.287,2.550,3.322,2.305,2.573,2.019,4.250,5.407,0.355,0.013,0.438,2.721,2.909,2.439,5.563,4.968,2.576,1.212,0.931,2.006,2.501,0.808,0.081,1.087,0.440,1.254,0.790,0.753,0.953,0.339,1.243,1.305,1.293,0.558,4.077,3.342,3.567,5.145,3.320,5.492,4.312,1.276,0.674,1.484,1.663,0.616,1.175,1.840,0.587,2.033,2.132,0.615,1.302,2.594,1.579,1.268,2.537,3.087,4.152,5.274,2.342,0.737,2.026,1.674,0.324,2.762,0.666,0.062,1.521,0.293,0.768,0.085,0.186,0.268,1.735,2.715,0.196,1.532,0.130,0.000,0.486,0.026,1.070,0.127,0.517
3.861,4.763,3.428,4.016,2.526,3.842,5.090,5.357,4.166,3.432,4.178,3.983,3.265,3.269,3.848,5.053,6.935,2.314,1.980,2.427,4.156,4.782,3.524,6.610,5.505,3.381,3.687,3.294,3.788,4.667,0.195,1.262,0.356,1.498,0.454,3.196,2.838,3.312,1.249,2.866,1.679,2.552,2.759,4.357,3.871,4.394,5.822,5.097,6.473,5.726,1.750,0.578,1.206,2.348,0.219,1.059,2.104,0.712,1.552,1.294,0.068,1.070,3.329,1.908,1.570,2.854,2.445,2.226,4.129,1.469,1.586,1.274,0.046,0.531,1.488,2.237,2.295,1.574,1.583,3.222,2.575,1.612,0.595,0.647,0.832,0.556,1.055,0.805,0.486,0.000,0.307,2.080,1.042,0.565
3.319,3.443,2.779,3.504,2.162,3.798,4.635,3.855,2.774,2.505,2.303,3.510,2.474,2.585,2.061,3.689,5.429,0.203,0.039,0.289,2.441,2.498,2.057,5.700,5.254,2.724,1.336,1.297,2.168,2.391,0.924,0.017,0.929,0.923,0.981,0.883,0.857,1.187,0.184,1.652,1.393,0.907,0.698,4.193,3.896,4.169,6.049,3.773,5.037,4.380,0.990,0.801,1.562,1.702,0.113,0.446,1.746,0.259,2.109,1.849,0.954,0.758,2.472,1.781,1.692,3.359,2.612,3.455,4.425,2.048,0.974,1.991,1.486,0.927,2.415,0.316,0.853,2.100,0.573,0.279,0.513,0.125,0.684,2.243,2.240,0.966,1.359,0.296,0.026,0.307,0.000,0.457,0.407,0.458
4.289,4.289,3.653,4.662,4.165,5.759,6.152,5.426,4.316,4.606,3.493,4.686,3.677,3.914,3.450,3.481,6.494,1.245,0.656,1.144,2.595,2.888,1.794,6.486,7.040,3.569,2.405,2.763,3.239,2.816,0.753,0.671,0.114,1.904,0.055,1.493,1.399,1.737,0.093,2.231,1.226,0.570,0.712,3.270,4.460,5.019,6.573,4.304,3.947,3.904,0.097,2.332,3.238,0.879,0.547,0.871,3.298,1.265,3.273,2.082,0.364,0.157,2.800,2.586,2.265,4.192,2.925,2.293,4.364,2.695,0.162,3.391,1.815,2.097,3.172,0.570,1.118,1.890,1.598,0.095,1.291,0.922,0.063,1.281,1.991,2.043,2.682,2.315,1.070,2.080,0.457,0.000,0.660,0.771
3.607,3.689,2.963,3.773,2.958,4.891,5.255,4.625,3.365,3.589,2.519,3.974,3.580,3.454,2.972,4.178,6.158,1.039,1.166,1.053,3.371,3.192,2.788,6.800,6.616,4.013,2.125,2.617,3.686,3.228,0.010,1.321,0.206,1.938,0.209,1.574,1.674,1.985,0.546,3.109,2.816,1.904,1.271,4.884,4.349,4.707,6.933,4.274,5.476,4.439,0.704,1.399,2.107,1.446,0.413,1.112,2.843,1.170,2.655,2.007,0.332,0.513,3.146,2.495,2.243,5.231,2.797,2.768,4.615,3.579,0.397,2.312,1.682,2.361,3.131,0.500,1.411,1.802,1.765,0.055,0.930,0.279,0.921,2.320,2.097,2.683,2.819,2.497,0.127,1.042,0.407,0.660,0.000,0.547
2.849,2.517,2.360,2.977,1.933,3.329,4.002,2.772,1.932,1.940,1.211,2.490,0.874,1.181,0.668,1.123,3.905,1.451,1.767,1.405,0.146,0.353,0.417,3.876,4.246,0.884,0.182,0.156,0.459,0.454,3.083,1.885,2.621,0.267,2.440,0.404,0.671,0.110,1.847,0.003,0.916,1.531,0.729,1.886,2.812,3.668,4.789,2.902,2.843,2.991,0.099,1.604,2.379,0.857,0.541,0.007,1.874,0.377,2.948,2.200,0.996,0.426,2.080,2.222,2.135,2.897,2.028,2.300,2.998,0.595,1.720,2.330,0.778,0.486,1.623,0.475,0.992,2.747,0.503,0.068,0.907,0.275,2.180,0.751,1.012,0.447,0.596,0.231,0.517,0.565,0.458,0.771,0.547,0.000
