0.000,0.000,0.003,0.019,0.007,0.016,0.013,0.004,0.001,0.133,0.119,0.103,0.175,0.105,0.092,0.096,0.105,0.047,0.053,0.074,0.075,0.054,0.065,0.051,0.056,0.012,0.013,0.030,0.061,0.090,0.106,0.081,0.028,0.044,0.039,0.011,0.049,0.027,0.046,0.002,0.024,0.042,0.030,0.072,0.020,0.095,0.080,0.145,0.142,0.141,0.151,0.146,0.069,0.028,0.192,0.168,0.117,0.127,0.145,0.143,0.123,0.115,0.111,0.097,0.100,0.076,0.096,0.053,0.044,0.019,0.005,0.064,0.054,0.093,0.068,0.094,0.067,0.064,0.003,0.032,0.103,0.165,0.153,0.026,0.176,0.054,0.018,0.108,0.090,0.112,0.009,0.157,0.063,0.002,0.009,0.014,0.032,0.057,0.065,0.080,0.109,0.148,0.105,0.105,0.177
0.000,0.000,0.016,0.025,0.019,0.004,0.003,0.015,0.026,0.105,0.092,0.082,0.147,0.079,0.062,0.073,0.078,0.025,0.029,0.053,0.060,0.050,0.058,0.061,0.059,0.045,0.011,0.004,0.025,0.056,0.070,0.056,0.009,0.009,0.003,0.036,0.033,0.046,0.062,0.026,0.041,0.054,0.039,0.086,0.025,0.101,0.071,0.136,0.124,0.124,0.141,0.144,0.076,0.040,0.208,0.173,0.132,0.142,0.131,0.124,0.177,0.123,0.101,0.112,0.097,0.069,0.089,0.048,0.051,0.006,0.020,0.025,0.005,0.030,0.028,0.022,0.026,0.027,0.037,0.010,0.066,0.145,0.107,0.055,0.150,0.079,0.027,0.121,0.118,0.133,0.035,0.235,0.029,0.022,0.025,0.021,0.054,0.063,0.086,0.088,0.107,0.136,0.091,0.080,0.151
0.003,0.016,0.000,0.020,0.005,0.008,0.008,0.006,0.004,0.132,0.121,0.112,0.168,0.095,0.066,0.086,0.076,0.026,0.030,0.046,0.058,0.051,0.046,0.054,0.032,0.024,0.029,0.044,0.058,0.095,0.104,0.101,0.031,0.048,0.039,0.001,0.068,0.024,0.035,0.002,0.021,0.034,0.023,0.076,0.012,0.093,0.054,0.132,0.116,0.115,0.128,0.128,0.072,0.043,0.227,0.185,0.099,0.121,0.110,0.105,0.189,0.134,0.118,0.154,0.126,0.096,0.110,0.061,0.064,0.000,0.000,0.060,0.052,0.069,0.003,0.049,0.022,0.056,0.004,0.030,0.114,0.220,0.164,0.006,0.232,0.059,0.022,0.075,0.072,0.082,0.013,0.216,0.020,0.025,0.035,0.043,0.015,0.010,0.043,0.064,0.102,0.134,0.094,0.082,0.152
0.019,0.025,0.020,0.000,0.002,0.013,0.012,0.008,0.009,0.117,0.100,0.096,0.143,0.068,0.036,0.064,0.051,0.006,0.011,0.028,0.045,0.050,0.041,0.067,0.031,0.054,0.015,0.025,0.040,0.077,0.083,0.087,0.010,0.024,0.017,0.016,0.053,0.043,0.055,0.030,0.039,0.051,0.036,0.094,0.018,0.099,0.045,0.118,0.096,0.095,0.111,0.115,0.068,0.039,0.212,0.162,0.093,0.113,0.092,0.082,0.168,0.118,0.093,0.134,0.111,0.093,0.116,0.073,0.095,0.066,0.046,0.014,0.015,0.021,0.027,0.026,0.013,0.055,0.003,0.020,0.104,0.237,0.152,0.012,0.232,0.060,0.029,0.067,0.077,0.073,0.001,0.259,0.020,0.032,0.039,0.037,0.020,0.020,0.055,0.065,0.098,0.116,0.083,0.060,0.123
0.007,0.019,0.005,0.002,0.000,0.019,0.003,0.022,0.008,0.130,0.111,0.114,0.146,0.072,0.035,0.075,0.053,0.014,0.015,0.023,0.043,0.050,0.025,0.055,0.001,0.032,0.043,0.057,0.056,0.096,0.100,0.117,0.037,0.053,0.039,0.011,0.081,0.021,0.023,0.005,0.019,0.027,0.019,0.081,0.010,0.092,0.034,0.117,0.092,0.095,0.109,0.113,0.074,0.052,0.230,0.179,0.082,0.096,0.079,0.071,0.142,0.104,0.094,0.133,0.108,0.108,0.128,0.078,0.105,0.052,0.012,0.024,0.021,0.038,0.016,0.033,0.008,0.058,0.007,0.031,0.119,0.262,0.173,0.007,0.269,0.059,0.051,0.044,0.051,0.049,0.022,0.251,0.004,0.047,0.059,0.065,0.058,0.072,0.005,0.021,0.070,0.092,0.075,0.052,0.114
0.016,0.004,0.008,0.013,0.019,0.000,0.001,0.003,0.012,0.117,0.072,0.089,0.130,0.061,0.034,0.084,0.072,0.034,0.038,0.053,0.074,0.092,0.068,0.114,0.052,0.107,0.022,0.002,0.007,0.041,0.041,0.063,0.023,0.014,0.032,0.055,0.011,0.092,0.088,0.076,0.085,0.088,0.082,0.148,0.070,0.150,0.081,0.151,0.118,0.122,0.142,0.151,0.127,0.104,0.263,0.199,0.115,0.133,0.110,0.090,0.162,0.128,0.100,0.122,0.102,0.094,0.145,0.101,0.139,0.176,0.066,0.059,0.047,0.017,0.067,0.015,0.044,0.022,0.038,0.022,0.063,0.252,0.126,0.043,0.230,0.117,0.005,0.089,0.104,0.086,0.034,0.334,0.050,0.013,0.033,0.024,0.024,0.033,0.040,0.065,0.097,0.104,0.089,0.058,0.109
0.013,0.003,0.008,0.012,0.003,0.001,0.000,0.007,0.018,0.102,0.050,0.076,0.103,0.039,0.013,0.069,0.049,0.021,0.021,0.031,0.055,0.079,0.043,0.096,0.026,0.079,0.002,0.021,0.006,0.052,0.051,0.075,0.005,0.009,0.010,0.031,0.034,0.065,0.052,0.051,0.065,0.063,0.060,0.121,0.053,0.122,0.052,0.127,0.091,0.098,0.118,0.130,0.112,0.099,0.265,0.199,0.091,0.098,0.077,0.059,0.118,0.087,0.075,0.087,0.060,0.078,0.130,0.097,0.120,0.091,0.006,0.014,0.004,0.007,0.044,0.005,0.010,0.038,0.012,0.002,0.088,0.266,0.161,0.008,0.265,0.106,0.032,0.064,0.077,0.070,0.006,0.296,0.014,0.022,0.043,0.043,0.040,0.063,0.006,0.016,0.054,0.059,0.072,0.038,0.083
0.004,0.015,0.006,0.008,0.022,0.003,0.007,0.000,0.015,0.079,0.039,0.065,0.082,0.020,0.004,0.048,0.019,0.000,0.004,0.006,0.031,0.055,0.021,0.072,0.014,0.053,0.020,0.036,0.023,0.065,0.065,0.083,0.009,0.027,0.014,0.010,0.057,0.034,0.024,0.024,0.039,0.036,0.030,0.080,0.023,0.081,0.018,0.097,0.062,0.068,0.090,0.104,0.080,0.078,0.260,0.198,0.068,0.068,0.043,0.028,0.078,0.047,0.049,0.053,0.019,0.069,0.094,0.062,0.048,0.006,0.042,0.017,0.033,0.032,0.015,0.032,0.026,0.058,0.018,0.031,0.118,0.254,0.194,0.028,0.282,0.086,0.053,0.051,0.060,0.067,0.019,0.234,0.022,0.024,0.042,0.050,0.039,0.066,0.013,0.001,0.042,0.040,0.065,0.031,0.080
0.001,0.026,0.004,0.009,0.008,0.012,0.018,0.015,0.000,0.107,0.000,0.038,0.080,0.002,0.011,0.046,0.015,0.010,0.008,0.024,0.049,0.080,0.043,0.089,0.033,0.053,0.013,0.036,0.021,0.067,0.065,0.077,0.007,0.025,0.010,0.019,0.042,0.044,0.032,0.032,0.057,0.053,0.050,0.089,0.044,0.089,0.025,0.101,0.056,0.060,0.088,0.101,0.088,0.094,0.269,0.198,0.045,0.044,0.020,0.005,0.023,0.011,0.019,0.012,0.044,0.040,0.100,0.064,0.028,0.067,0.066,0.046,0.064,0.055,0.007,0.052,0.062,0.071,0.038,0.043,0.126,0.257,0.219,0.049,0.293,0.095,0.051,0.058,0.060,0.074,0.030,0.197,0.062,0.022,0.047,0.056,0.038,0.062,0.017,0.001,0.051,0.044,0.103,0.068,0.103
0.133,0.105,0.132,0.117,0.130,0.117,0.102,0.079,0.107,0.000,0.044,0.010,0.031,0.037,0.050,0.083,0.056,0.055,0.046,0.073,0.116,0.146,0.127,0.172,0.142,0.157,0.107,0.086,0.108,0.063,0.063,0.049,0.114,0.088,0.103,0.126,0.062,0.126,0.103,0.107,0.128,0.108,0.107,0.138,0.125,0.143,0.093,0.159,0.120,0.123,0.157,0.187,0.177,0.208,0.388,0.319,0.157,0.146,0.108,0.088,0.110,0.097,0.101,0.060,0.045,0.097,0.079,0.078,0.043,0.022,0.054,0.072,0.057,0.071,0.114,0.071,0.047,0.052,0.075,0.077,0.005,0.112,0.110,0.049,0.171,0.217,0.059,0.170,0.174,0.205,0.086,0.281,0.044,0.118,0.092,0.078,0.099,0.070,0.101,0.111,0.140,0.114,0.156,0.115,0.137
0.119,0.092,0.121,0.100,0.111,0.072,0.050,0.039,0.000,0.044,0.000,0.047,0.040,0.045,0.042,0.070,0.038,0.029,0.009,0.027,0.060,0.073,0.059,0.102,0.082,0.098,0.054,0.041,0.060,0.023,0.017,0.001,0.065,0.035,0.047,0.068,0.005,0.059,0.043,0.042,0.059,0.042,0.036,0.071,0.053,0.080,0.042,0.120,0.096,0.103,0.131,0.158,0.126,0.153,0.352,0.301,0.140,0.122,0.090,0.083,0.104,0.074,0.097,0.071,0.031,0.079,0.012,0.014,0.003,0.020,0.018,0.038,0.026,0.045,0.087,0.047,0.030,0.037,0.054,0.045,0.039,0.107,0.126,0.025,0.187,0.167,0.024,0.133,0.134,0.173,0.053,0.237,0.029,0.091,0.076,0.051,0.070,0.036,0.065,0.069,0.092,0.073,0.087,0.057,0.112
0.103,0.082,0.112,0.096,0.114,0.089,0.076,0.065,0.038,0.010,0.047,0.000,0.015,0.004,0.006,0.014,0.026,0.022,0.042,0.018,0.018,0.036,0.034,0.073,0.064,0.066,0.029,0.018,0.037,0.006,0.002,0.010,0.040,0.008,0.012,0.037,0.027,0.024,0.017,0.012,0.028,0.015,0.003,0.024,0.014,0.018,0.014,0.054,0.030,0.036,0.066,0.097,0.067,0.110,0.305,0.257,0.088,0.061,0.025,0.024,0.027,0.008,0.035,0.002,0.015,0.027,0.033,0.005,0.014,0.046,0.005,0.013,0.007,0.017,0.049,0.015,0.026,0.005,0.008,0.002,0.079,0.121,0.176,0.038,0.225,0.126,0.020,0.091,0.090,0.143,0.004,0.149,0.034,0.071,0.057,0.029,0.058,0.024,0.049,0.049,0.077,0.049,0.075,0.049,0.087
0.175,0.147,0.168,0.143,0.146,0.130,0.103,0.082,0.080,0.031,0.040,0.015,0.000,0.058,0.058,0.069,0.037,0.025,0.005,0.029,0.077,0.087,0.088,0.122,0.123,0.121,0.095,0.079,0.110,0.073,0.067,0.052,0.102,0.067,0.079,0.097,0.032,0.073,0.053,0.052,0.070,0.046,0.040,0.062,0.074,0.074,0.051,0.120,0.099,0.107,0.134,0.170,0.151,0.200,0.384,0.327,0.157,0.129,0.099,0.094,0.086,0.075,0.103,0.054,0.040,0.049,0.020,0.013,0.003,0.022,0.050,0.061,0.054,0.080,0.122,0.090,0.043,0.080,0.086,0.082,0.000,0.077,0.105,0.036,0.166,0.211,0.048,0.155,0.156,0.208,0.074,0.242,0.030,0.141,0.117,0.092,0.117,0.082,0.095,0.099,0.115,0.086,0.107,0.079,0.112
0.105,0.079,0.095,0.068,0.072,0.061,0.039,0.020,0.002,0.037,0.045,0.004,0.058,0.000,0.000,0.030,0.001,0.018,0.044,0.025,0.001,0.004,0.008,0.034,0.040,0.027,0.006,0.008,0.020,0.012,0.021,0.032,0.013,0.022,0.013,0.010,0.055,0.011,0.020,0.030,0.008,0.021,0.031,0.014,0.013,0.004,0.022,0.059,0.041,0.057,0.079,0.105,0.071,0.112,0.303,0.255,0.075,0.042,0.022,0.020,0.011,0.022,0.027,0.034,0.047,0.040,0.072,0.043,0.067,0.107,0.032,0.031,0.037,0.006,0.034,0.009,0.042,0.009,0.008,0.001,0.082,0.139,0.178,0.039,0.237,0.124,0.026,0.080,0.074,0.130,0.009,0.146,0.056,0.064,0.042,0.012,0.040,0.007,0.018,0.020,0.045,0.027,0.045,0.033,0.091
0.092,0.062,0.066,0.036,0.035,0.034,0.013,0.004,0.011,0.050,0.042,0.006,0.058,0.000,0.000,0.055,0.024,0.011,0.045,0.036,0.029,0.037,0.024,0.013,0.010,0.020,0.025,0.041,0.007,0.038,0.049,0.058,0.022,0.059,0.049,0.026,0.087,0.054,0.061,0.075,0.048,0.060,0.070,0.062,0.049,0.046,0.047,0.045,0.035,0.065,0.078,0.097,0.058,0.100,0.276,0.229,0.038,0.006,0.007,0.008,0.075,0.078,0.018,0.072,0.068,0.067,0.085,0.071,0.098,0.152,0.065,0.076,0.075,0.039,0.003,0.011,0.076,0.000,0.010,0.020,0.098,0.154,0.193,0.061,0.254,0.106,0.044,0.058,0.043,0.106,0.039,0.107,0.098,0.047,0.019,0.014,0.015,0.016,0.019,0.016,0.007,0.005,0.013,0.019,0.084
0.096,0.073,0.086,0.064,0.075,0.084,0.069,0.048,0.046,0.083,0.070,0.014,0.069,0.030,0.055,0.000,0.043,0.036,0.037,0.003,0.016,0.012,0.034,0.036,0.059,0.014,0.009,0.010,0.015,0.013,0.024,0.022,0.006,0.027,0.024,0.007,0.040,0.014,0.011,0.031,0.005,0.010,0.023,0.026,0.009,0.035,0.037,0.012,0.015,0.002,0.031,0.056,0.034,0.095,0.244,0.194,0.019,0.019,0.039,0.036,0.090,0.062,0.031,0.071,0.028,0.014,0.029,0.006,0.040,0.097,0.019,0.042,0.052,0.024,0.002,0.015,0.099,0.011,0.028,0.027,0.096,0.130,0.211,0.094,0.242,0.102,0.040,0.064,0.048,0.117,0.046,0.042,0.127,0.060,0.034,0.007,0.047,0.026,0.026,0.032,0.063,0.053,0.077,0.090,0.128
0.105,0.078,0.076,0.051,0.053,0.072,0.049,0.019,0.015,0.056,0.038,0.026,0.037,0.001,0.024,0.043,0.000,0.025,0.013,0.026,0.023,0.008,0.043,0.033,0.076,0.019,0.032,0.012,0.040,0.010,0.001,0.004,0.028,0.007,0.000,0.030,0.015,0.002,0.000,0.023,0.007,0.000,0.012,0.024,0.006,0.028,0.004,0.024,0.002,0.032,0.071,0.090,0.063,0.124,0.240,0.187,0.018,0.022,0.033,0.037,0.109,0.065,0.047,0.087,0.036,0.040,0.043,0.025,0.053,0.107,0.022,0.047,0.048,0.017,0.009,0.003,0.089,0.020,0.005,0.003,0.052,0.074,0.171,0.065,0.183,0.139,0.011,0.108,0.081,0.154,0.015,0.035,0.121,0.097,0.061,0.034,0.070,0.054,0.037,0.040,0.061,0.053,0.063,0.076,0.099
0.047,0.025,0.026,0.006,0.014,0.034,0.021,0.000,0.010,0.055,0.029,0.022,0.025,0.018,0.011,0.036,0.025,0.000,0.001,0.004,0.024,0.037,0.009,0.026,0.012,0.051,0.037,0.061,0.027,0.057,0.067,0.063,0.046,0.079,0.072,0.041,0.074,0.067,0.064,0.087,0.052,0.055,0.064,0.088,0.047,0.100,0.074,0.079,0.092,0.046,0.016,0.005,0.000,0.061,0.146,0.095,0.054,0.098,0.102,0.091,0.163,0.120,0.086,0.117,0.072,0.066,0.067,0.053,0.091,0.154,0.072,0.104,0.106,0.079,0.053,0.058,0.158,0.042,0.069,0.065,0.119,0.162,0.235,0.139,0.265,0.070,0.068,0.022,0.006,0.067,0.097,0.034,0.197,0.020,0.018,0.043,0.004,0.020,0.034,0.026,0.001,0.008,0.023,0.051,0.048
0.053,0.029,0.030,0.011,0.015,0.038,0.021,0.004,0.008,0.046,0.009,0.042,0.005,0.044,0.045,0.037,0.013,0.001,0.000,0.009,0.011,0.016,0.003,0.005,0.026,0.024,0.016,0.042,0.004,0.040,0.046,0.047,0.021,0.054,0.041,0.014,0.053,0.040,0.047,0.061,0.023,0.034,0.040,0.063,0.015,0.061,0.043,0.012,0.044,0.002,0.033,0.051,0.060,0.108,0.203,0.137,0.024,0.068,0.072,0.072,0.137,0.110,0.080,0.113,0.081,0.081,0.077,0.059,0.097,0.152,0.069,0.091,0.093,0.064,0.029,0.039,0.127,0.031,0.046,0.040,0.101,0.184,0.220,0.103,0.268,0.108,0.050,0.046,0.024,0.085,0.066,0.047,0.159,0.030,0.012,0.033,0.001,0.018,0.030,0.023,0.001,0.020,0.022,0.047,0.032
0.074,0.053,0.046,0.028,0.023,0.053,0.031,0.006,0.024,0.073,0.027,0.018,0.029,0.025,0.036,0.003,0.026,0.004,0.009,0.000,0.019,0.035,0.000,0.014,0.029,0.021,0.003,0.030,0.018,0.019,0.024,0.030,0.010,0.044,0.029,0.009,0.044,0.044,0.054,0.068,0.031,0.046,0.052,0.079,0.016,0.069,0.030,0.021,0.005,0.039,0.056,0.074,0.098,0.137,0.213,0.141,0.001,0.047,0.036,0.036,0.103,0.078,0.046,0.073,0.051,0.066,0.053,0.054,0.085,0.140,0.052,0.076,0.068,0.039,0.000,0.006,0.094,0.004,0.012,0.011,0.074,0.202,0.190,0.071,0.266,0.131,0.044,0.046,0.030,0.088,0.049,0.109,0.130,0.042,0.003,0.020,0.010,0.010,0.027,0.021,0.008,0.027,0.005,0.024,0.024
0.075,0.060,0.058,0.045,0.043,0.074,0.055,0.031,0.049,0.116,0.060,0.018,0.077,0.001,0.029,0.016,0.023,0.024,0.011,0.019,0.000,0.015,0.016,0.006,0.037,0.007,0.003,0.030,0.015,0.019,0.026,0.032,0.010,0.043,0.030,0.009,0.049,0.033,0.039,0.054,0.022,0.030,0.040,0.048,0.017,0.020,0.027,0.057,0.016,0.044,0.055,0.073,0.087,0.125,0.234,0.154,0.013,0.027,0.017,0.018,0.073,0.053,0.020,0.041,0.021,0.034,0.004,0.021,0.055,0.118,0.033,0.059,0.054,0.030,0.011,0.003,0.083,0.014,0.012,0.016,0.092,0.240,0.204,0.071,0.297,0.117,0.066,0.032,0.027,0.077,0.053,0.145,0.115,0.028,0.011,0.025,0.009,0.012,0.017,0.008,0.015,0.004,0.038,0.053,0.028
0.054,0.050,0.051,0.050,0.050,0.092,0.079,0.055,0.080,0.146,0.073,0.036,0.087,0.004,0.037,0.012,0.008,0.037,0.016,0.035,0.015,0.000,0.011,0.008,0.023,0.010,0.016,0.043,0.005,0.028,0.032,0.041,0.023,0.052,0.041,0.023,0.053,0.038,0.044,0.055,0.022,0.027,0.038,0.044,0.020,0.003,0.037,0.028,0.002,0.022,0.025,0.042,0.065,0.091,0.193,0.116,0.002,0.031,0.022,0.020,0.053,0.035,0.013,0.020,0.003,0.012,0.041,0.013,0.026,0.091,0.021,0.050,0.047,0.031,0.008,0.011,0.086,0.035,0.025,0.032,0.111,0.300,0.220,0.086,0.338,0.092,0.105,0.013,0.006,0.033,0.076,0.165,0.119,0.007,0.043,0.050,0.016,0.039,0.033,0.022,0.004,0.014,0.045,0.043,0.023
0.065,0.058,0.046,0.041,0.025,0.068,0.043,0.021,0.043,0.127,0.059,0.034,0.088,0.008,0.024,0.034,0.043,0.009,0.003,0.000,0.016,0.011,0.000,0.000,0.021,0.003,0.002,0.031,0.024,0.015,0.019,0.036,0.007,0.039,0.017,0.005,0.056,0.023,0.045,0.052,0.017,0.029,0.031,0.007,0.008,0.095,0.033,0.089,0.056,0.076,0.085,0.100,0.115,0.123,0.233,0.150,0.044,0.022,0.036,0.023,0.002,0.012,0.020,0.011,0.013,0.013,0.046,0.011,0.035,0.104,0.026,0.048,0.027,0.012,0.039,0.020,0.036,0.004,0.018,0.009,0.072,0.288,0.170,0.022,0.301,0.130,0.060,0.030,0.038,0.061,0.028,0.253,0.061,0.012,0.029,0.034,0.012,0.039,0.040,0.032,0.023,0.017,0.001,0.002,0.004
0.051,0.061,0.054,0.067,0.055,0.114,0.096,0.072,0.089,0.172,0.102,0.073,0.122,0.034,0.013,0.036,0.033,0.026,0.005,0.014,0.006,0.008,0.000,0.000,0.014,0.006,0.026,0.050,0.006,0.023,0.029,0.047,0.032,0.061,0.047,0.041,0.087,0.045,0.047,0.064,0.037,0.026,0.035,0.045,0.026,0.074,0.008,0.062,0.040,0.055,0.051,0.060,0.069,0.063,0.168,0.101,0.034,0.021,0.033,0.031,0.031,0.043,0.037,0.052,0.061,0.038,0.109,0.063,0.046,0.012,0.028,0.012,0.003,0.001,0.042,0.019,0.034,0.025,0.006,0.012,0.098,0.346,0.184,0.042,0.342,0.078,0.111,0.034,0.013,0.000,0.062,0.263,0.063,0.031,0.061,0.060,0.033,0.059,0.040,0.017,0.012,0.028,0.028,0.012,0.004
0.056,0.059,0.032,0.031,0.001,0.052,0.026,0.014,0.033,0.142,0.082,0.064,0.123,0.040,0.010,0.059,0.076,0.012,0.026,0.029,0.037,0.023,0.021,0.014,0.000,0.014,0.008,0.042,0.021,0.019,0.026,0.052,0.021,0.055,0.019,0.010,0.093,0.004,0.021,0.056,0.017,0.009,0.004,0.072,0.019,0.127,0.076,0.118,0.095,0.112,0.117,0.125,0.126,0.100,0.196,0.122,0.069,0.071,0.088,0.068,0.062,0.076,0.059,0.063,0.063,0.025,0.088,0.023,0.017,0.042,0.004,0.039,0.013,0.007,0.065,0.046,0.012,0.011,0.053,0.038,0.044,0.313,0.120,0.033,0.279,0.129,0.038,0.037,0.052,0.045,0.004,0.339,0.012,0.004,0.045,0.040,0.028,0.046,0.053,0.011,0.002,0.047,0.015,0.016,0.039
0.012,0.045,0.024,0.054,0.032,0.107,0.079,0.053,0.053,0.157,0.098,0.066,0.121,0.027,0.020,0.014,0.019,0.051,0.024,0.021,0.007,0.010,0.003,0.006,0.014,0.000,0.041,0.049,0.006,0.008,0.018,0.025,0.031,0.059,0.056,0.048,0.098,0.006,0.055,0.010,0.006,0.030,0.004,0.063,0.031,0.066,0.009,0.046,0.030,0.039,0.032,0.032,0.025,0.017,0.060,0.013,0.013,0.018,0.034,0.030,0.048,0.056,0.029,0.061,0.072,0.038,0.105,0.064,0.070,0.049,0.064,0.018,0.039,0.018,0.043,0.025,0.012,0.040,0.005,0.017,0.099,0.394,0.163,0.027,0.339,0.031,0.124,0.059,0.026,0.045,0.064,0.309,0.038,0.068,0.092,0.075,0.042,0.043,0.014,0.025,0.037,0.055,0.024,0.009,0.017
0.013,0.011,0.029,0.015,0.043,0.022,0.002,0.020,0.013,0.107,0.054,0.029,0.095,0.006,0.025,0.009,0.032,0.037,0.016,0.003,0.003,0.016,0.002,0.026,0.008,0.041,0.000,0.031,0.029,0.006,0.012,0.020,0.001,0.030,0.001,0.026,0.034,0.021,0.044,0.002,0.012,0.031,0.013,0.057,0.013,0.080,0.043,0.068,0.051,0.064,0.071,0.071,0.056,0.007,0.044,0.005,0.010,0.022,0.049,0.027,0.026,0.039,0.012,0.028,0.036,0.003,0.060,0.009,0.011,0.021,0.002,0.050,0.004,0.010,0.033,0.031,0.014,0.019,0.032,0.022,0.043,0.360,0.105,0.040,0.263,0.086,0.044,0.031,0.065,0.021,0.004,0.375,0.001,0.039,0.085,0.064,0.046,0.016,0.010,0.001,0.005,0.039,0.002,0.002,0.024
0.030,0.004,0.044,0.025,0.057,0.002,0.021,0.036,0.036,0.086,0.041,0.018,0.079,0.008,0.041,0.010,0.012,0.061,0.042,0.030,0.030,0.043,0.031,0.050,0.042,0.049,0.031,0.000,0.056,0.034,0.022,0.013,0.022,0.018,0.002,0.004,0.051,0.007,0.025,0.015,0.015,0.006,0.015,0.029,0.046,0.048,0.014,0.043,0.033,0.046,0.050,0.049,0.021,0.049,0.011,0.039,0.007,0.018,0.041,0.026,0.037,0.034,0.004,0.030,0.031,0.012,0.045,0.005,0.007,0.010,0.004,0.033,0.024,0.013,0.043,0.054,0.061,0.009,0.042,0.030,0.024,0.345,0.065,0.059,0.214,0.049,0.047,0.014,0.059,0.001,0.030,0.416,0.060,0.047,0.083,0.052,0.048,0.012,0.006,0.012,0.012,0.022,0.022,0.028,0.004
0.061,0.025,0.058,0.040,0.056,0.007,0.006,0.023,0.021,0.108,0.060,0.037,0.110,0.020,0.007,0.015,0.040,0.027,0.004,0.018,0.015,0.005,0.024,0.006,0.021,0.006,0.029,0.056,0.000,0.012,0.036,0.022,0.040,0.036,0.039,0.057,0.019,0.052,0.086,0.045,0.047,0.069,0.047,0.082,0.009,0.092,0.060,0.077,0.061,0.066,0.075,0.064,0.036,0.047,0.053,0.076,0.008,0.030,0.056,0.030,0.038,0.052,0.019,0.036,0.050,0.014,0.074,0.029,0.034,0.016,0.020,0.028,0.022,0.013,0.005,0.016,0.046,0.041,0.028,0.022,0.010,0.351,0.046,0.078,0.155,0.029,0.001,0.058,0.098,0.007,0.045,0.407,0.048,0.106,0.141,0.059,0.021,0.046,0.042,0.035,0.038,0.072,0.030,0.024,0.059
0.090,0.056,0.095,0.077,0.096,0.041,0.052,0.065,0.067,0.063,0.023,0.006,0.073,0.012,0.038,0.013,0.010,0.057,0.040,0.019,0.019,0.028,0.015,0.023,0.019,0.008,0.006,0.034,0.012,0.000,0.014,0.006,0.049,0.029,0.026,0.031,0.021,0.024,0.056,0.026,0.020,0.038,0.013,0.054,0.025,0.061,0.026,0.054,0.039,0.047,0.060,0.055,0.015,0.063,0.035,0.063,0.003,0.026,0.043,0.019,0.042,0.034,0.001,0.022,0.023,0.014,0.040,0.006,0.007,0.001,0.007,0.039,0.013,0.013,0.008,0.026,0.095,0.035,0.031,0.020,0.013,0.293,0.028,0.085,0.119,0.024,0.007,0.058,0.098,0.034,0.074,0.416,0.128,0.078,0.115,0.040,0.046,0.008,0.018,0.003,0.005,0.038,0.007,0.016,0.028
0.106,0.070,0.104,0.083,0.100,0.041,0.051,0.065,0.065,0.063,0.017,0.002,0.067,0.021,0.049,0.024,0.001,0.067,0.046,0.024,0.026,0.032,0.019,0.029,0.026,0.018,0.012,0.022,0.036,0.014,0.000,0.038,0.051,0.041,0.032,0.029,0.004,0.028,0.064,0.038,0.028,0.048,0.021,0.056,0.025,0.058,0.021,0.040,0.024,0.030,0.041,0.030,0.000,0.083,0.088,0.106,0.032,0.002,0.023,0.000,0.020,0.020,0.015,0.009,0.014,0.021,0.039,0.006,0.006,0.002,0.009,0.041,0.002,0.028,0.019,0.001,0.062,0.059,0.006,0.002,0.018,0.320,0.032,0.068,0.116,0.010,0.022,0.028,0.068,0.034,0.054,0.395,0.097,0.129,0.150,0.068,0.068,0.009,0.003,0.007,0.005,0.028,0.013,0.022,0.015
0.081,0.056,0.101,0.087,0.117,0.063,0.075,0.083,0.077,0.049,0.001,0.010,0.052,0.032,0.058,0.022,0.004,0.063,0.047,0.030,0.032,0.041,0.036,0.047,0.052,0.025,0.020,0.013,0.022,0.006,0.038,0.000,0.073,0.048,0.052,0.029,0.021,0.019,0.043,0.025,0.017,0.029,0.008,0.048,0.029,0.061,0.021,0.047,0.031,0.045,0.057,0.055,0.029,0.047,0.021,0.051,0.004,0.016,0.034,0.011,0.032,0.021,0.012,0.010,0.005,0.035,0.026,0.026,0.013,0.015,0.027,0.052,0.003,0.017,0.015,0.029,0.080,0.028,0.032,0.026,0.007,0.319,0.036,0.082,0.147,0.047,0.017,0.039,0.084,0.002,0.070,0.438,0.108,0.075,0.114,0.065,0.096,0.045,0.034,0.034,0.036,0.002,0.039,0.045,0.007
0.028,0.009,0.031,0.010,0.037,0.023,0.005,0.009,0.007,0.114,0.065,0.040,0.102,0.013,0.022,0.006,0.028,0.046,0.021,0.010,0.010,0.023,0.007,0.032,0.021,0.031,0.001,0.022,0.040,0.049,0.051,0.073,0.000,0.014,0.008,0.001,0.001,0.013,0.050,0.007,0.001,0.030,0.009,0.048,0.024,0.062,0.032,0.049,0.041,0.051,0.048,0.038,0.018,0.057,0.069,0.076,0.001,0.019,0.047,0.034,0.044,0.049,0.019,0.047,0.053,0.012,0.071,0.023,0.036,0.025,0.031,0.003,0.042,0.024,0.038,0.054,0.064,0.011,0.042,0.031,0.001,0.342,0.033,0.066,0.169,0.004,0.044,0.024,0.017,0.087,0.019,0.405,0.062,0.085,0.099,0.041,0.031,0.012,0.012,0.009,0.007,0.041,0.001,0.006,0.018
0.044,0.009,0.048,0.024,0.053,0.014,0.009,0.027,0.025,0.088,0.035,0.008,0.067,0.022,0.059,0.027,0.007,0.079,0.054,0.044,0.043,0.052,0.039,0.061,0.055,0.059,0.030,0.018,0.036,0.029,0.041,0.048,0.014,0.000,0.002,0.021,0.020,0.006,0.034,0.001,0.010,0.017,0.009,0.027,0.049,0.037,0.001,0.017,0.005,0.018,0.016,0.011,0.000,0.068,0.060,0.079,0.025,0.014,0.011,0.000,0.011,0.014,0.015,0.014,0.020,0.020,0.043,0.002,0.008,0.002,0.005,0.027,0.012,0.001,0.018,0.029,0.024,0.036,0.011,0.001,0.041,0.382,0.089,0.023,0.242,0.014,0.085,0.049,0.005,0.083,0.012,0.377,0.018,0.085,0.113,0.074,0.065,0.037,0.027,0.028,0.028,0.003,0.034,0.041,0.024
0.039,0.003,0.039,0.017,0.039,0.032,0.010,0.014,0.010,0.103,0.047,0.012,0.079,0.013,0.049,0.024,0.000,0.072,0.041,0.029,0.030,0.041,0.017,0.047,0.019,0.056,0.001,0.002,0.039,0.026,0.032,0.052,0.008,0.002,0.000,0.008,0.023,0.005,0.049,0.005,0.007,0.035,0.008,0.030,0.036,0.040,0.011,0.015,0.003,0.014,0.009,0.003,0.007,0.080,0.109,0.115,0.048,0.034,0.002,0.011,0.017,0.006,0.020,0.003,0.021,0.017,0.048,0.007,0.010,0.012,0.008,0.037,0.000,0.014,0.000,0.016,0.014,0.042,0.001,0.007,0.039,0.393,0.098,0.007,0.256,0.006,0.090,0.065,0.029,0.106,0.042,0.336,0.037,0.082,0.111,0.067,0.037,0.002,0.008,0.009,0.006,0.021,0.012,0.017,0.009
0.011,0.036,0.001,0.016,0.011,0.055,0.031,0.010,0.019,0.126,0.068,0.037,0.097,0.010,0.026,0.007,0.030,0.041,0.014,0.009,0.009,0.023,0.005,0.041,0.010,0.048,0.026,0.004,0.057,0.031,0.029,0.029,0.001,0.021,0.008,0.000,0.030,0.004,0.035,0.025,0.010,0.021,0.005,0.038,0.018,0.065,0.035,0.045,0.034,0.050,0.045,0.042,0.045,0.010,0.006,0.032,0.001,0.003,0.036,0.024,0.016,0.034,0.012,0.032,0.043,0.003,0.067,0.021,0.023,0.003,0.024,0.017,0.023,0.014,0.042,0.047,0.010,0.005,0.035,0.028,0.020,0.360,0.092,0.025,0.262,0.072,0.072,0.040,0.002,0.043,0.021,0.352,0.018,0.037,0.074,0.042,0.021,0.001,0.010,0.001,0.003,0.026,0.006,0.007,0.002
0.049,0.033,0.068,0.053,0.081,0.011,0.034,0.057,0.042,0.062,0.005,0.027,0.032,0.055,0.087,0.040,0.015,0.074,0.053,0.044,0.049,0.053,0.056,0.087,0.093,0.098,0.034,0.051,0.019,0.021,0.004,0.021,0.001,0.020,0.023,0.030,0.000,0.027,0.037,0.023,0.048,0.046,0.023,0.044,0.025,0.057,0.005,0.019,0.005,0.015,0.024,0.027,0.041,0.011,0.022,0.032,0.040,0.043,0.016,0.035,0.041,0.029,0.048,0.035,0.029,0.063,0.010,0.038,0.045,0.072,0.054,0.087,0.050,0.052,0.011,0.011,0.037,0.056,0.017,0.018,0.070,0.392,0.150,0.011,0.300,0.082,0.085,0.017,0.016,0.028,0.028,0.328,0.049,0.066,0.117,0.098,0.095,0.102,0.106,0.089,0.082,0.048,0.062,0.062,0.057
0.027,0.046,0.024,0.043,0.021,0.092,0.065,0.034,0.044,0.126,0.059,0.024,0.073,0.011,0.054,0.014,0.002,0.067,0.040,0.044,0.033,0.038,0.023,0.045,0.004,0.006,0.021,0.007,0.052,0.024,0.028,0.019,0.013,0.006,0.005,0.004,0.027,0.000,0.028,0.020,0.000,0.023,0.006,0.032,0.030,0.046,0.005,0.014,0.000,0.018,0.012,0.021,0.042,0.023,0.073,0.020,0.002,0.013,0.005,0.002,0.002,0.010,0.005,0.015,0.026,0.008,0.059,0.022,0.017,0.010,0.023,0.007,0.012,0.011,0.042,0.032,0.023,0.021,0.009,0.002,0.065,0.363,0.157,0.031,0.319,0.083,0.112,0.054,0.015,0.016,0.047,0.292,0.052,0.026,0.063,0.045,0.020,0.031,0.024,0.019,0.021,0.011,0.024,0.033,0.052
0.046,0.062,0.035,0.055,0.023,0.088,0.052,0.024,0.032,0.103,0.043,0.017,0.053,0.020,0.061,0.011,0.000,0.064,0.047,0.054,0.039,0.044,0.045,0.047,0.021,0.055,0.044,0.025,0.086,0.056,0.064,0.043,0.050,0.034,0.049,0.035,0.037,0.028,0.000,0.006,0.005,0.020,0.031,0.030,0.020,0.050,0.001,0.026,0.014,0.036,0.034,0.052,0.068,0.052,0.123,0.067,0.042,0.025,0.031,0.028,0.039,0.029,0.010,0.034,0.028,0.012,0.049,0.005,0.015,0.009,0.033,0.025,0.043,0.045,0.080,0.068,0.029,0.010,0.044,0.037,0.031,0.330,0.119,0.011,0.278,0.116,0.076,0.018,0.027,0.016,0.002,0.356,0.011,0.003,0.034,0.017,0.006,0.028,0.023,0.025,0.050,0.040,0.063,0.071,0.077
0.002,0.026,0.002,0.030,0.005,0.076,0.051,0.024,0.032,0.107,0.042,0.012,0.052,0.030,0.075,0.031,0.023,0.087,0.061,0.068,0.054,0.055,0.052,0.064,0.056,0.010,0.002,0.015,0.045,0.026,0.038,0.025,0.007,0.001,0.005,0.025,0.023,0.020,0.006,0.000,0.031,0.009,0.021,0.012,0.045,0.022,0.027,0.008,0.019,0.002,0.012,0.003,0.017,0.010,0.029,0.011,0.010,0.020,0.007,0.007,0.004,0.003,0.016,0.014,0.016,0.017,0.050,0.014,0.018,0.013,0.021,0.003,0.016,0.012,0.036,0.029,0.012,0.035,0.001,0.008,0.068,0.389,0.151,0.034,0.315,0.048,0.129,0.096,0.048,0.068,0.053,0.312,0.034,0.057,0.089,0.064,0.050,0.060,0.048,0.044,0.054,0.041,0.057,0.066,0.083
0.024,0.041,0.021,0.039,0.019,0.085,0.065,0.039,0.057,0.128,0.059,0.028,0.070,0.008,0.048,0.005,0.007,0.052,0.023,0.031,0.022,0.022,0.017,0.037,0.017,0.006,0.012,0.015,0.047,0.020,0.028,0.017,0.001,0.010,0.007,0.010,0.048,0.000,0.005,0.031,0.000,0.033,0.019,0.026,0.001,0.047,0.005,0.013,0.001,0.021,0.009,0.017,0.050,0.030,0.051,0.010,0.001,0.014,0.005,0.003,0.001,0.010,0.002,0.017,0.025,0.005,0.062,0.026,0.019,0.001,0.021,0.005,0.012,0.009,0.038,0.031,0.023,0.021,0.010,0.004,0.052,0.367,0.145,0.030,0.304,0.074,0.109,0.082,0.042,0.051,0.054,0.288,0.054,0.040,0.076,0.054,0.035,0.041,0.040,0.028,0.035,0.025,0.031,0.034,0.066
0.042,0.054,0.034,0.051,0.027,0.088,0.063,0.036,0.053,0.108,0.042,0.015,0.046,0.021,0.060,0.010,0.000,0.055,0.034,0.046,0.030,0.027,0.029,0.026,0.009,0.030,0.031,0.006,0.069,0.038,0.048,0.029,0.030,0.017,0.035,0.021,0.046,0.023,0.020,0.009,0.033,0.000,0.005,0.026,0.010,0.048,0.000,0.017,0.004,0.027,0.022,0.039,0.072,0.063,0.114,0.060,0.025,0.006,0.014,0.012,0.014,0.013,0.001,0.019,0.018,0.015,0.046,0.011,0.008,0.003,0.021,0.010,0.023,0.026,0.060,0.048,0.001,0.003,0.027,0.022,0.041,0.340,0.138,0.013,0.291,0.110,0.086,0.039,0.000,0.004,0.022,0.315,0.025,0.010,0.049,0.032,0.019,0.037,0.036,0.031,0.051,0.051,0.059,0.064,0.094
0.030,0.039,0.023,0.036,0.019,0.082,0.060,0.030,0.050,0.107,0.036,0.003,0.040,0.031,0.070,0.023,0.012,0.064,0.040,0.052,0.040,0.038,0.031,0.035,0.004,0.004,0.013,0.015,0.047,0.013,0.021,0.008,0.009,0.009,0.008,0.005,0.023,0.006,0.031,0.021,0.019,0.005,0.000,0.014,0.003,0.029,0.015,0.002,0.017,0.006,0.002,0.018,0.057,0.055,0.100,0.042,0.004,0.027,0.014,0.016,0.027,0.017,0.023,0.011,0.003,0.031,0.031,0.001,0.013,0.040,0.002,0.022,0.011,0.004,0.030,0.019,0.044,0.025,0.002,0.004,0.067,0.348,0.173,0.049,0.318,0.098,0.105,0.049,0.017,0.008,0.053,0.257,0.074,0.020,0.062,0.049,0.028,0.045,0.046,0.040,0.050,0.056,0.051,0.055,0.099
0.072,0.086,0.076,0.094,0.081,0.148,0.121,0.080,0.089,0.138,0.071,0.024,0.062,0.014,0.062,0.026,0.024,0.088,0.063,0.079,0.048,0.044,0.007,0.045,0.072,0.063,0.057,0.029,0.082,0.054,0.056,0.048,0.048,0.027,0.030,0.038,0.044,0.032,0.030,0.012,0.026,0.026,0.014,0.000,0.008,0.011,0.038,0.013,0.022,0.001,0.009,0.017,0.048,0.068,0.145,0.079,0.027,0.001,0.002,0.005,0.000,0.008,0.003,0.017,0.030,0.001,0.059,0.041,0.030,0.001,0.051,0.029,0.030,0.039,0.067,0.051,0.023,0.001,0.017,0.014,0.060,0.316,0.172,0.049,0.315,0.113,0.105,0.028,0.010,0.036,0.037,0.256,0.055,0.021,0.014,0.005,0.030,0.010,0.021,0.022,0.019,0.012,0.009,0.037,0.091
0.020,0.025,0.012,0.018,0.010,0.070,0.053,0.023,0.044,0.125,0.053,0.014,0.074,0.013,0.049,0.009,0.006,0.047,0.015,0.016,0.017,0.020,0.008,0.026,0.019,0.031,0.013,0.046,0.009,0.025,0.025,0.029,0.024,0.049,0.036,0.018,0.025,0.030,0.020,0.045,0.001,0.010,0.003,0.008,0.000,0.072,0.001,0.018,0.009,0.014,0.014,0.021,0.059,0.055,0.103,0.031,0.033,0.059,0.031,0.035,0.070,0.038,0.033,0.031,0.007,0.028,0.037,0.005,0.024,0.081,0.024,0.065,0.052,0.043,0.008,0.017,0.093,0.048,0.031,0.035,0.102,0.347,0.209,0.080,0.347,0.087,0.117,0.034,0.021,0.002,0.084,0.188,0.129,0.028,0.073,0.067,0.033,0.043,0.046,0.034,0.015,0.010,0.008,0.010,0.029
0.095,0.101,0.093,0.099,0.092,0.150,0.122,0.081,0.089,0.143,0.080,0.018,0.074,0.004,0.046,0.035,0.028,0.100,0.061,0.069,0.020,0.003,0.095,0.074,0.127,0.066,0.080,0.048,0.092,0.061,0.058,0.061,0.062,0.037,0.040,0.065,0.057,0.046,0.050,0.022,0.047,0.048,0.029,0.011,0.072,0.000,0.041,0.031,0.036,0.015,0.020,0.014,0.058,0.109,0.171,0.089,0.019,0.016,0.016,0.008,0.041,0.009,0.014,0.008,0.027,0.002,0.048,0.041,0.020,0.026,0.048,0.016,0.018,0.033,0.058,0.046,0.049,0.009,0.013,0.018,0.050,0.257,0.180,0.067,0.289,0.139,0.075,0.023,0.043,0.090,0.033,0.183,0.090,0.060,0.021,0.026,0.071,0.063,0.059,0.065,0.076,0.052,0.062,0.040,0.036
0.080,0.071,0.054,0.045,0.034,0.081,0.052,0.018,0.025,0.093,0.042,0.014,0.051,0.022,0.047,0.037,0.004,0.074,0.043,0.030,0.027,0.037,0.033,0.008,0.076,0.009,0.043,0.014,0.060,0.026,0.021,0.021,0.032,0.001,0.011,0.035,0.005,0.005,0.001,0.027,0.005,0.000,0.015,0.038,0.001,0.041,0.000,0.004,0.021,0.016,0.033,0.061,0.109,0.148,0.188,0.095,0.002,0.047,0.030,0.030,0.094,0.055,0.045,0.054,0.019,0.047,0.011,0.022,0.045,0.099,0.014,0.047,0.035,0.010,0.023,0.022,0.073,0.011,0.007,0.014,0.045,0.212,0.171,0.054,0.255,0.156,0.031,0.071,0.061,0.114,0.025,0.148,0.111,0.068,0.020,0.014,0.050,0.042,0.018,0.021,0.030,0.022,0.023,0.024,0.008
0.145,0.136,0.132,0.118,0.117,0.151,0.127,0.097,0.101,0.159,0.120,0.054,0.120,0.059,0.045,0.012,0.024,0.079,0.012,0.021,0.057,0.028,0.089,0.062,0.118,0.046,0.068,0.043,0.077,0.054,0.040,0.047,0.049,0.017,0.015,0.045,0.019,0.014,0.026,0.008,0.013,0.017,0.002,0.013,0.018,0.031,0.004,0.000,0.002,0.013,0.009,0.049,0.064,0.151,0.227,0.156,0.042,0.003,0.006,0.018,0.047,0.006,0.022,0.005,0.053,0.032,0.049,0.047,0.025,0.036,0.051,0.013,0.016,0.037,0.059,0.051,0.060,0.039,0.026,0.027,0.041,0.149,0.171,0.074,0.234,0.138,0.033,0.065,0.059,0.133,0.029,0.090,0.108,0.099,0.068,0.056,0.104,0.096,0.080,0.089,0.108,0.106,0.103,0.110,0.093
0.142,0.124,0.116,0.096,0.092,0.118,0.091,0.062,0.056,0.120,0.096,0.030,0.099,0.041,0.035,0.015,0.002,0.092,0.044,0.005,0.016,0.002,0.056,0.040,0.095,0.030,0.051,0.033,0.061,0.039,0.024,0.031,0.041,0.005,0.003,0.034,0.005,0.000,0.014,0.019,0.001,0.004,0.017,0.022,0.009,0.036,0.021,0.002,0.000,0.020,0.035,0.071,0.032,0.118,0.247,0.185,0.038,0.006,0.006,0.004,0.074,0.019,0.001,0.021,0.028,0.008,0.016,0.017,0.003,0.062,0.026,0.010,0.006,0.021,0.043,0.038,0.068,0.039,0.019,0.020,0.047,0.105,0.172,0.069,0.208,0.131,0.013,0.089,0.073,0.152,0.020,0.066,0.108,0.107,0.078,0.057,0.102,0.091,0.072,0.075,0.094,0.094,0.080,0.083,0.097
0.141,0.124,0.115,0.095,0.095,0.122,0.098,0.068,0.060,0.123,0.103,0.036,0.107,0.057,0.065,0.002,0.032,0.046,0.002,0.039,0.044,0.022,0.076,0.055,0.112,0.039,0.064,0.046,0.066,0.047,0.030,0.045,0.051,0.018,0.014,0.050,0.015,0.018,0.036,0.002,0.021,0.027,0.006,0.001,0.014,0.015,0.016,0.013,0.020,0.000,0.036,0.061,0.013,0.097,0.191,0.146,0.024,0.008,0.007,0.001,0.079,0.009,0.005,0.023,0.036,0.021,0.027,0.032,0.011,0.048,0.036,0.004,0.002,0.022,0.034,0.034,0.081,0.045,0.015,0.022,0.029,0.039,0.158,0.078,0.153,0.127,0.021,0.112,0.085,0.169,0.015,0.007,0.127,0.125,0.096,0.074,0.119,0.113,0.089,0.092,0.111,0.113,0.101,0.107,0.124
0.151,0.141,0.128,0.111,0.109,0.142,0.118,0.090,0.088,0.157,0.131,0.066,0.134,0.079,0.078,0.031,0.071,0.016,0.033,0.056,0.055,0.025,0.085,0.051,0.117,0.032,0.071,0.050,0.075,0.060,0.041,0.057,0.048,0.016,0.009,0.045,0.024,0.012,0.034,0.012,0.009,0.022,0.002,0.009,0.014,0.020,0.033,0.009,0.035,0.036,0.000,0.033,0.000,0.099,0.129,0.089,0.023,0.007,0.015,0.025,0.058,0.014,0.030,0.010,0.063,0.042,0.054,0.051,0.031,0.030,0.055,0.008,0.018,0.037,0.048,0.054,0.073,0.062,0.034,0.037,0.008,0.054,0.138,0.082,0.154,0.123,0.013,0.089,0.063,0.152,0.030,0.015,0.135,0.126,0.095,0.079,0.126,0.126,0.094,0.099,0.115,0.120,0.105,0.116,0.117
0.146,0.144,0.128,0.115,0.113,0.151,0.130,0.104,0.101,0.187,0.158,0.097,0.170,0.105,0.097,0.056,0.090,0.005,0.051,0.074,0.073,0.042,0.100,0.060,0.125,0.032,0.071,0.049,0.064,0.055,0.030,0.055,0.038,0.011,0.003,0.042,0.027,0.021,0.052,0.003,0.017,0.039,0.018,0.017,0.021,0.014,0.061,0.049,0.071,0.061,0.033,0.000,0.052,0.047,0.059,0.025,0.013,0.001,0.042,0.043,0.039,0.045,0.055,0.039,0.094,0.070,0.090,0.078,0.061,0.004,0.074,0.017,0.030,0.039,0.042,0.049,0.089,0.049,0.027,0.026,0.022,0.083,0.161,0.116,0.178,0.087,0.004,0.074,0.047,0.135,0.058,0.047,0.162,0.110,0.085,0.078,0.131,0.143,0.110,0.118,0.136,0.150,0.126,0.135,0.145
0.069,0.076,0.072,0.068,0.074,0.127,0.112,0.080,0.088,0.177,0.126,0.067,0.151,0.071,0.058,0.034,0.063,0.000,0.060,0.098,0.087,0.065,0.115,0.069,0.126,0.025,0.056,0.021,0.036,0.015,0.000,0.029,0.018,0.000,0.007,0.045,0.041,0.042,0.068,0.017,0.050,0.072,0.057,0.048,0.059,0.058,0.109,0.064,0.032,0.013,0.000,0.052,0.000,0.060,0.018,0.043,0.054,0.060,0.027,0.027,0.091,0.003,0.004,0.008,0.057,0.042,0.086,0.073,0.042,0.023,0.043,0.020,0.016,0.014,0.012,0.015,0.146,0.035,0.045,0.037,0.086,0.228,0.234,0.160,0.284,0.075,0.068,0.043,0.019,0.081,0.101,0.019,0.210,0.037,0.004,0.014,0.075,0.097,0.076,0.092,0.119,0.135,0.128,0.139,0.133
0.028,0.040,0.043,0.039,0.052,0.104,0.099,0.078,0.094,0.208,0.153,0.110,0.200,0.112,0.100,0.095,0.124,0.061,0.108,0.137,0.125,0.091,0.123,0.063,0.100,0.017,0.007,0.049,0.047,0.063,0.083,0.047,0.057,0.068,0.080,0.010,0.011,0.023,0.052,0.010,0.030,0.063,0.055,0.068,0.055,0.109,0.148,0.151,0.118,0.097,0.099,0.047,0.060,0.000,0.004,0.074,0.094,0.078,0.009,0.013,0.087,0.031,0.040,0.018,0.082,0.072,0.123,0.091,0.056,0.024,0.027,0.056,0.053,0.068,0.069,0.076,0.206,0.099,0.100,0.117,0.190,0.345,0.304,0.193,0.400,0.001,0.144,0.010,0.040,0.004,0.173,0.022,0.267,0.051,0.077,0.063,0.014,0.053,0.045,0.081,0.122,0.162,0.148,0.166,0.185
0.192,0.208,0.227,0.212,0.230,0.263,0.265,0.260,0.269,0.388,0.352,0.305,0.384,0.303,0.276,0.244,0.240,0.146,0.203,0.213,0.234,0.193,0.233,0.168,0.196,0.060,0.044,0.011,0.053,0.035,0.088,0.021,0.069,0.060,0.109,0.006,0.022,0.073,0.123,0.029,0.051,0.114,0.100,0.145,0.103,0.171,0.188,0.227,0.247,0.191,0.129,0.059,0.018,0.004,0.000,0.009,0.079,0.189,0.271,0.222,0.153,0.266,0.261,0.245,0.298,0.274,0.303,0.262,0.246,0.158,0.209,0.102,0.119,0.059,0.032,0.016,0.209,0.092,0.065,0.159,0.306,0.425,0.395,0.307,0.527,0.163,0.229,0.112,0.121,0.068,0.286,0.140,0.322,0.088,0.044,0.002,0.125,0.198,0.194,0.246,0.286,0.335,0.290,0.300,0.330
0.168,0.173,0.185,0.162,0.179,0.199,0.199,0.198,0.198,0.319,0.301,0.257,0.327,0.255,0.229,0.194,0.187,0.095,0.137,0.141,0.154,0.116,0.150,0.101,0.122,0.013,0.005,0.039,0.076,0.063,0.106,0.051,0.076,0.079,0.115,0.032,0.032,0.020,0.067,0.011,0.010,0.060,0.042,0.079,0.031,0.089,0.095,0.156,0.185,0.146,0.089,0.025,0.043,0.074,0.009,0.000,0.015,0.101,0.227,0.209,0.095,0.196,0.219,0.200,0.239,0.217,0.229,0.191,0.177,0.088,0.141,0.043,0.050,0.008,0.027,0.063,0.244,0.125,0.148,0.195,0.287,0.336,0.422,0.279,0.412,0.125,0.159,0.060,0.078,0.023,0.228,0.159,0.313,0.071,0.037,0.022,0.086,0.132,0.135,0.173,0.218,0.264,0.222,0.233,0.279
0.117,0.132,0.099,0.093,0.082,0.115,0.091,0.068,0.045,0.157,0.140,0.088,0.157,0.075,0.038,0.019,0.018,0.054,0.024,0.001,0.013,0.002,0.044,0.034,0.069,0.013,0.010,0.007,0.008,0.003,0.032,0.004,0.001,0.025,0.048,0.001,0.040,0.002,0.042,0.010,0.001,0.025,0.004,0.027,0.033,0.019,0.002,0.042,0.038,0.024,0.023,0.013,0.054,0.094,0.079,0.015,0.000,0.034,0.051,0.060,0.021,0.071,0.053,0.071,0.102,0.068,0.090,0.066,0.067,0.010,0.069,0.007,0.019,0.016,0.007,0.005,0.114,0.059,0.064,0.092,0.176,0.258,0.263,0.096,0.288,0.004,0.083,0.031,0.033,0.089,0.073,0.089,0.133,0.025,0.037,0.033,0.110,0.120,0.109,0.105,0.123,0.141,0.092,0.079,0.120
0.127,0.142,0.121,0.113,0.096,0.133,0.098,0.068,0.044,0.146,0.122,0.061,0.129,0.042,0.006,0.019,0.022,0.098,0.068,0.047,0.027,0.031,0.022,0.021,0.071,0.018,0.022,0.018,0.030,0.026,0.002,0.016,0.019,0.014,0.034,0.003,0.043,0.013,0.025,0.020,0.014,0.006,0.027,0.001,0.059,0.016,0.047,0.003,0.006,0.008,0.007,0.001,0.060,0.078,0.189,0.101,0.034,0.000,0.009,0.029,0.012,0.047,0.023,0.047,0.083,0.042,0.068,0.046,0.048,0.010,0.066,0.012,0.024,0.036,0.051,0.034,0.067,0.016,0.014,0.038,0.138,0.255,0.233,0.091,0.312,0.043,0.105,0.023,0.036,0.100,0.057,0.144,0.096,0.050,0.046,0.039,0.111,0.113,0.104,0.101,0.111,0.118,0.068,0.048,0.075
0.145,0.131,0.110,0.092,0.079,0.110,0.077,0.043,0.020,0.108,0.090,0.025,0.099,0.022,0.007,0.039,0.033,0.102,0.072,0.036,0.017,0.022,0.036,0.033,0.088,0.034,0.049,0.041,0.056,0.043,0.023,0.034,0.047,0.011,0.002,0.036,0.016,0.005,0.031,0.007,0.005,0.014,0.014,0.002,0.031,0.016,0.030,0.006,0.006,0.007,0.015,0.042,0.027,0.009,0.271,0.227,0.051,0.009,0.000,0.005,0.076,0.001,0.009,0.008,0.041,0.009,0.027,0.018,0.011,0.044,0.037,0.003,0.003,0.029,0.048,0.041,0.058,0.024,0.013,0.008,0.074,0.135,0.196,0.063,0.223,0.103,0.029,0.090,0.086,0.160,0.011,0.107,0.087,0.106,0.090,0.071,0.122,0.115,0.096,0.091,0.103,0.107,0.067,0.053,0.083
0.143,0.124,0.105,0.082,0.071,0.090,0.059,0.028,0.005,0.088,0.083,0.024,0.094,0.020,0.008,0.036,0.037,0.091,0.072,0.036,0.018,0.020,0.023,0.031,0.068,0.030,0.027,0.026,0.030,0.019,0.000,0.011,0.034,0.000,0.011,0.024,0.035,0.002,0.028,0.007,0.003,0.012,0.016,0.005,0.035,0.008,0.030,0.018,0.004,0.001,0.025,0.043,0.027,0.013,0.222,0.209,0.060,0.029,0.005,0.000,0.068,0.002,0.007,0.008,0.037,0.012,0.022,0.014,0.010,0.044,0.026,0.010,0.012,0.015,0.029,0.015,0.059,0.002,0.012,0.019,0.098,0.119,0.201,0.058,0.210,0.075,0.032,0.085,0.083,0.150,0.012,0.099,0.072,0.087,0.084,0.057,0.107,0.093,0.090,0.081,0.099,0.103,0.064,0.046,0.093
0.123,0.177,0.189,0.168,0.142,0.162,0.118,0.078,0.023,0.110,0.104,0.027,0.086,0.011,0.075,0.090,0.109,0.163,0.137,0.103,0.073,0.053,0.002,0.031,0.062,0.048,0.026,0.037,0.038,0.042,0.020,0.032,0.044,0.011,0.017,0.016,0.041,0.002,0.039,0.004,0.001,0.014,0.027,0.000,0.070,0.041,0.094,0.047,0.074,0.079,0.058,0.039,0.091,0.087,0.153,0.095,0.021,0.012,0.076,0.068,0.000,0.002,0.047,0.034,0.071,0.029,0.044,0.042,0.059,0.016,0.093,0.057,0.044,0.062,0.055,0.022,0.054,0.048,0.052,0.062,0.153,0.230,0.251,0.108,0.294,0.026,0.113,0.019,0.043,0.104,0.046,0.131,0.065,0.049,0.063,0.047,0.123,0.099,0.129,0.106,0.120,0.103,0.054,0.013,0.041
0.115,0.123,0.134,0.118,0.104,0.128,0.087,0.047,0.011,0.097,0.074,0.008,0.075,0.022,0.078,0.062,0.065,0.120,0.110,0.078,0.053,0.035,0.012,0.043,0.076,0.056,0.039,0.034,0.052,0.034,0.020,0.021,0.049,0.014,0.006,0.034,0.029,0.010,0.029,0.003,0.010,0.013,0.017,0.008,0.038,0.009,0.055,0.006,0.019,0.009,0.014,0.045,0.003,0.031,0.266,0.196,0.071,0.047,0.001,0.002,0.002,0.000,0.028,0.001,0.039,0.003,0.022,0.013,0.013,0.041,0.044,0.016,0.010,0.036,0.063,0.035,0.030,0.004,0.003,0.006,0.096,0.203,0.200,0.053,0.266,0.100,0.059,0.064,0.078,0.132,0.010,0.185,0.046,0.069,0.056,0.041,0.094,0.072,0.092,0.091,0.109,0.098,0.051,0.013,0.043
0.111,0.101,0.118,0.093,0.094,0.100,0.075,0.049,0.019,0.101,0.097,0.035,0.103,0.027,0.018,0.031,0.047,0.086,0.080,0.046,0.020,0.013,0.020,0.037,0.059,0.029,0.012,0.004,0.019,0.001,0.015,0.012,0.019,0.015,0.020,0.012,0.048,0.005,0.010,0.016,0.002,0.001,0.023,0.003,0.033,0.014,0.045,0.022,0.001,0.005,0.030,0.055,0.004,0.040,0.261,0.219,0.053,0.023,0.009,0.007,0.047,0.028,0.000,0.026,0.027,0.017,0.015,0.012,0.002,0.062,0.011,0.016,0.028,0.000,0.024,0.001,0.065,0.015,0.019,0.027,0.110,0.158,0.212,0.072,0.252,0.084,0.053,0.064,0.063,0.124,0.029,0.111,0.080,0.059,0.048,0.022,0.069,0.046,0.061,0.062,0.094,0.095,0.071,0.051,0.099
0.097,0.112,0.154,0.134,0.133,0.122,0.087,0.053,0.012,0.060,0.071,0.002,0.054,0.034,0.072,0.071,0.087,0.117,0.113,0.073,0.041,0.020,0.011,0.052,0.063,0.061,0.028,0.030,0.036,0.022,0.009,0.010,0.047,0.014,0.003,0.032,0.035,0.015,0.034,0.014,0.017,0.019,0.011,0.017,0.031,0.008,0.054,0.005,0.021,0.023,0.010,0.039,0.008,0.018,0.245,0.200,0.071,0.047,0.008,0.008,0.034,0.001,0.026,0.000,0.030,0.013,0.008,0.017,0.023,0.020,0.042,0.030,0.006,0.032,0.048,0.014,0.029,0.020,0.016,0.022,0.108,0.156,0.202,0.059,0.241,0.081,0.054,0.068,0.080,0.134,0.007,0.150,0.033,0.064,0.065,0.040,0.087,0.055,0.090,0.078,0.105,0.086,0.059,0.017,0.060
0.100,0.097,0.126,0.111,0.108,0.102,0.060,0.019,0.044,0.045,0.031,0.015,0.040,0.047,0.068,0.028,0.036,0.072,0.081,0.051,0.021,0.003,0.013,0.061,0.063,0.072,0.036,0.031,0.050,0.023,0.014,0.005,0.053,0.020,0.021,0.043,0.029,0.026,0.028,0.016,0.025,0.018,0.003,0.030,0.007,0.027,0.019,0.053,0.028,0.036,0.063,0.094,0.057,0.082,0.298,0.239,0.102,0.083,0.041,0.037,0.071,0.039,0.027,0.030,0.000,0.028,0.008,0.014,0.017,0.054,0.017,0.021,0.010,0.035,0.071,0.036,0.002,0.007,0.023,0.013,0.075,0.172,0.167,0.015,0.235,0.126,0.027,0.089,0.100,0.143,0.019,0.224,0.003,0.069,0.056,0.036,0.069,0.035,0.068,0.064,0.090,0.068,0.043,0.002,0.047
0.076,0.069,0.096,0.093,0.108,0.094,0.078,0.069,0.040,0.097,0.079,0.027,0.049,0.040,0.067,0.014,0.040,0.066,0.081,0.066,0.034,0.012,0.013,0.038,0.025,0.038,0.003,0.012,0.014,0.014,0.021,0.035,0.012,0.020,0.017,0.003,0.063,0.008,0.012,0.017,0.005,0.015,0.031,0.001,0.028,0.002,0.047,0.032,0.008,0.021,0.042,0.070,0.042,0.072,0.274,0.217,0.068,0.042,0.009,0.012,0.029,0.003,0.017,0.013,0.028,0.000,0.027,0.017,0.035,0.073,0.012,0.004,0.022,0.003,0.039,0.006,0.033,0.019,0.007,0.019,0.108,0.207,0.200,0.053,0.280,0.096,0.066,0.045,0.054,0.098,0.023,0.185,0.042,0.031,0.016,0.007,0.022,0.017,0.017,0.014,0.047,0.013,0.032,0.014,0.027
0.096,0.089,0.110,0.116,0.128,0.145,0.130,0.094,0.100,0.079,0.012,0.033,0.020,0.072,0.085,0.029,0.043,0.067,0.077,0.053,0.004,0.041,0.046,0.109,0.088,0.105,0.060,0.045,0.074,0.040,0.039,0.026,0.071,0.043,0.048,0.067,0.010,0.059,0.049,0.050,0.062,0.046,0.031,0.059,0.037,0.048,0.011,0.049,0.016,0.027,0.054,0.090,0.086,0.123,0.303,0.229,0.090,0.068,0.027,0.022,0.044,0.022,0.015,0.008,0.008,0.027,0.000,0.037,0.009,0.016,0.038,0.046,0.024,0.043,0.078,0.042,0.002,0.007,0.023,0.021,0.066,0.203,0.174,0.024,0.257,0.149,0.032,0.081,0.097,0.134,0.017,0.239,0.012,0.066,0.043,0.031,0.061,0.025,0.061,0.062,0.094,0.034,0.084,0.015,0.015
0.053,0.048,0.061,0.073,0.078,0.101,0.097,0.062,0.064,0.078,0.014,0.005,0.013,0.043,0.071,0.006,0.025,0.053,0.059,0.054,0.021,0.013,0.011,0.063,0.023,0.064,0.009,0.005,0.029,0.006,0.006,0.026,0.023,0.002,0.007,0.021,0.038,0.022,0.005,0.014,0.026,0.011,0.001,0.041,0.005,0.041,0.022,0.047,0.017,0.032,0.051,0.078,0.073,0.091,0.262,0.191,0.066,0.046,0.018,0.014,0.042,0.013,0.012,0.017,0.014,0.017,0.037,0.000,0.025,0.043,0.006,0.011,0.005,0.009,0.050,0.014,0.017,0.023,0.002,0.007,0.096,0.264,0.191,0.037,0.297,0.113,0.067,0.037,0.055,0.078,0.014,0.251,0.025,0.013,0.011,0.021,0.002,0.042,0.005,0.007,0.007,0.056,0.004,0.064,0.035
0.044,0.051,0.064,0.095,0.105,0.139,0.120,0.048,0.028,0.043,0.003,0.014,0.003,0.067,0.098,0.040,0.053,0.091,0.097,0.085,0.055,0.026,0.035,0.046,0.017,0.070,0.011,0.007,0.034,0.007,0.006,0.013,0.036,0.008,0.010,0.023,0.045,0.017,0.015,0.018,0.019,0.008,0.013,0.030,0.024,0.020,0.045,0.025,0.003,0.011,0.031,0.061,0.042,0.056,0.246,0.177,0.067,0.048,0.011,0.010,0.059,0.013,0.002,0.023,0.017,0.035,0.009,0.025,0.000,0.019,0.015,0.035,0.009,0.024,0.059,0.021,0.002,0.025,0.001,0.010,0.101,0.260,0.189,0.035,0.291,0.099,0.074,0.036,0.061,0.084,0.007,0.261,0.004,0.017,0.000,0.010,0.012,0.034,0.020,0.004,0.022,0.040,0.025,0.079,0.039
0.019,0.006,0.000,0.066,0.052,0.176,0.091,0.006,0.067,0.022,0.020,0.046,0.022,0.107,0.152,0.097,0.107,0.154,0.152,0.140,0.118,0.091,0.104,0.012,0.042,0.049,0.021,0.010,0.016,0.001,0.002,0.015,0.025,0.002,0.012,0.003,0.072,0.010,0.009,0.013,0.001,0.003,0.040,0.001,0.081,0.026,0.099,0.036,0.062,0.048,0.030,0.004,0.023,0.024,0.158,0.088,0.010,0.010,0.044,0.044,0.016,0.041,0.062,0.020,0.054,0.073,0.016,0.043,0.019,0.000,0.004,0.028,0.014,0.004,0.028,0.005,0.025,0.069,0.040,0.052,0.142,0.330,0.223,0.073,0.336,0.047,0.129,0.017,0.021,0.035,0.040,0.255,0.022,0.028,0.043,0.048,0.026,0.085,0.011,0.070,0.073,0.098,0.085,0.127,0.093
0.005,0.020,0.000,0.046,0.012,0.066,0.006,0.042,0.066,0.054,0.018,0.005,0.050,0.032,0.065,0.019,0.022,0.072,0.069,0.052,0.033,0.021,0.026,0.028,0.004,0.064,0.002,0.004,0.020,0.007,0.009,0.027,0.031,0.005,0.008,0.024,0.054,0.023,0.033,0.021,0.021,0.021,0.002,0.051,0.024,0.048,0.014,0.051,0.026,0.036,0.055,0.074,0.043,0.027,0.209,0.141,0.069,0.066,0.037,0.026,0.093,0.044,0.011,0.042,0.017,0.012,0.038,0.006,0.015,0.004,0.000,0.025,0.016,0.019,0.058,0.019,0.019,0.032,0.009,0.006,0.095,0.273,0.163,0.004,0.267,0.087,0.058,0.049,0.075,0.082,0.008,0.300,0.024,0.002,0.015,0.019,0.002,0.043,0.035,0.011,0.028,0.022,0.005,0.038,0.011
0.064,0.025,0.060,0.014,0.024,0.059,0.014,0.017,0.046,0.072,0.038,0.013,0.061,0.031,0.076,0.042,0.047,0.104,0.091,0.076,0.059,0.050,0.048,0.012,0.039,0.018,0.050,0.033,0.028,0.039,0.041,0.052,0.003,0.027,0.037,0.017,0.087,0.007,0.025,0.003,0.005,0.010,0.022,0.029,0.065,0.016,0.047,0.013,0.010,0.004,0.008,0.017,0.020,0.056,0.102,0.043,0.007,0.012,0.003,0.010,0.057,0.016,0.016,0.030,0.021,0.004,0.046,0.011,0.035,0.028,0.025,0.000,0.013,0.018,0.012,0.019,0.011,0.082,0.037,0.060,0.145,0.340,0.197,0.043,0.308,0.014,0.111,0.007,0.024,0.021,0.038,0.273,0.004,0.060,0.074,0.075,0.060,0.101,0.026,0.013,0.016,0.022,0.010,0.039,0.003
0.054,0.005,0.052,0.015,0.021,0.047,0.004,0.033,0.064,0.057,0.026,0.007,0.054,0.037,0.075,0.052,0.048,0.106,0.093,0.068,0.054,0.047,0.027,0.003,0.013,0.039,0.004,0.024,0.022,0.013,0.002,0.003,0.042,0.012,0.000,0.023,0.050,0.012,0.043,0.016,0.012,0.023,0.011,0.030,0.052,0.018,0.035,0.016,0.006,0.002,0.018,0.030,0.016,0.053,0.119,0.050,0.019,0.024,0.003,0.012,0.044,0.010,0.028,0.006,0.010,0.022,0.024,0.005,0.009,0.014,0.016,0.013,0.000,0.018,0.041,0.009,0.004,0.057,0.018,0.034,0.118,0.290,0.178,0.020,0.263,0.049,0.071,0.044,0.074,0.090,0.000,0.277,0.010,0.003,0.006,0.003,0.060,0.031,0.093,0.038,0.044,0.045,0.003,0.026,0.017
0.093,0.030,0.069,0.021,0.038,0.017,0.007,0.032,0.055,0.071,0.045,0.017,0.080,0.006,0.039,0.024,0.017,0.079,0.064,0.039,0.030,0.031,0.012,0.001,0.007,0.018,0.010,0.013,0.013,0.013,0.028,0.017,0.024,0.001,0.014,0.014,0.052,0.011,0.045,0.012,0.009,0.026,0.004,0.039,0.043,0.033,0.010,0.037,0.021,0.022,0.037,0.039,0.014,0.068,0.059,0.008,0.016,0.036,0.029,0.015,0.062,0.036,0.000,0.032,0.035,0.003,0.043,0.009,0.024,0.004,0.019,0.018,0.018,0.000,0.023,0.000,0.031,0.065,0.010,0.034,0.108,0.281,0.142,0.008,0.220,0.021,0.052,0.049,0.074,0.079,0.008,0.287,0.039,0.020,0.024,0.007,0.060,0.043,0.077,0.040,0.048,0.064,0.018,0.003,0.047
0.068,0.028,0.003,0.027,0.016,0.067,0.044,0.015,0.007,0.114,0.087,0.049,0.122,0.034,0.003,0.002,0.009,0.053,0.029,0.000,0.011,0.008,0.039,0.042,0.065,0.043,0.033,0.043,0.005,0.008,0.019,0.015,0.038,0.018,0.000,0.042,0.011,0.042,0.080,0.036,0.038,0.060,0.030,0.067,0.008,0.058,0.023,0.059,0.043,0.034,0.048,0.042,0.012,0.069,0.032,0.027,0.007,0.051,0.048,0.029,0.055,0.063,0.024,0.048,0.071,0.039,0.078,0.050,0.059,0.028,0.058,0.012,0.041,0.023,0.000,0.029,0.026,0.094,0.029,0.050,0.119,0.286,0.170,0.004,0.209,0.015,0.031,0.071,0.089,0.108,0.003,0.227,0.025,0.002,0.017,0.058,0.135,0.129,0.123,0.096,0.103,0.118,0.071,0.052,0.097
0.094,0.022,0.049,0.026,0.033,0.015,0.005,0.032,0.052,0.071,0.047,0.015,0.090,0.009,0.011,0.015,0.003,0.058,0.039,0.006,0.003,0.011,0.020,0.019,0.046,0.025,0.031,0.054,0.016,0.026,0.001,0.029,0.054,0.029,0.016,0.047,0.011,0.032,0.068,0.029,0.031,0.048,0.019,0.051,0.017,0.046,0.022,0.051,0.038,0.034,0.054,0.049,0.015,0.076,0.016,0.063,0.005,0.034,0.041,0.015,0.022,0.035,0.001,0.014,0.036,0.006,0.042,0.014,0.021,0.005,0.019,0.019,0.009,0.000,0.029,0.000,0.086,0.065,0.012,0.000,0.043,0.150,0.070,0.059,0.075,0.027,0.020,0.112,0.126,0.155,0.061,0.244,0.072,0.074,0.136,0.102,0.114,0.108,0.093,0.066,0.072,0.091,0.044,0.030,0.081
0.067,0.026,0.022,0.013,0.008,0.044,0.010,0.026,0.062,0.047,0.030,0.026,0.043,0.042,0.076,0.099,0.089,0.158,0.127,0.094,0.083,0.086,0.036,0.034,0.012,0.012,0.014,0.061,0.046,0.095,0.062,0.080,0.064,0.024,0.014,0.010,0.037,0.023,0.029,0.012,0.023,0.001,0.044,0.023,0.093,0.049,0.073,0.060,0.068,0.081,0.073,0.089,0.146,0.206,0.209,0.244,0.114,0.067,0.058,0.059,0.054,0.030,0.065,0.029,0.002,0.033,0.002,0.017,0.002,0.025,0.019,0.011,0.004,0.031,0.026,0.086,0.000,0.094,0.092,0.105,0.119,0.230,0.159,0.051,0.123,0.071,0.073,0.031,0.061,0.131,0.006,0.150,0.005,0.151,0.213,0.124,0.134,0.105,0.083,0.038,0.040,0.045,0.004,0.025,0.008
0.064,0.027,0.056,0.055,0.058,0.022,0.038,0.058,0.071,0.052,0.037,0.005,0.080,0.009,0.000,0.011,0.020,0.042,0.031,0.004,0.014,0.035,0.004,0.025,0.011,0.040,0.019,0.009,0.041,0.035,0.059,0.028,0.011,0.036,0.042,0.005,0.056,0.021,0.010,0.035,0.021,0.003,0.025,0.001,0.048,0.009,0.011,0.039,0.039,0.045,0.062,0.049,0.035,0.099,0.092,0.125,0.059,0.016,0.024,0.002,0.048,0.004,0.015,0.020,0.007,0.019,0.007,0.023,0.025,0.069,0.032,0.082,0.057,0.065,0.094,0.065,0.094,0.000,0.001,0.021,0.024,0.101,0.008,0.084,0.024,0.002,0.046,0.118,0.096,0.146,0.037,0.072,0.066,0.089,0.081,0.041,0.054,0.064,0.036,0.024,0.038,0.066,0.023,0.023,0.081
0.003,0.037,0.004,0.003,0.007,0.038,0.012,0.018,0.038,0.075,0.054,0.008,0.086,0.008,0.010,0.028,0.005,0.069,0.046,0.012,0.012,0.025,0.018,0.006,0.053,0.005,0.032,0.042,0.028,0.031,0.006,0.032,0.042,0.011,0.001,0.035,0.017,0.009,0.044,0.001,0.010,0.027,0.002,0.017,0.031,0.013,0.007,0.026,0.019,0.015,0.034,0.027,0.045,0.100,0.065,0.148,0.064,0.014,0.013,0.012,0.052,0.003,0.019,0.016,0.023,0.007,0.023,0.002,0.001,0.040,0.009,0.037,0.018,0.010,0.029,0.012,0.092,0.001,0.000,0.002,0.049,0.089,0.157,0.025,0.086,0.045,0.027,0.124,0.117,0.186,0.032,0.123,0.085,0.130,0.121,0.094,0.118,0.117,0.082,0.063,0.071,0.087,0.043,0.035,0.078
0.032,0.010,0.030,0.020,0.031,0.022,0.002,0.031,0.043,0.077,0.045,0.002,0.082,0.001,0.020,0.027,0.003,0.065,0.040,0.011,0.016,0.032,0.009,0.012,0.038,0.017,0.022,0.030,0.022,0.020,0.002,0.026,0.031,0.001,0.007,0.028,0.018,0.002,0.037,0.008,0.004,0.022,0.004,0.014,0.035,0.018,0.014,0.027,0.020,0.022,0.037,0.026,0.037,0.117,0.159,0.195,0.092,0.038,0.008,0.019,0.062,0.006,0.027,0.022,0.013,0.019,0.021,0.007,0.010,0.052,0.006,0.060,0.034,0.034,0.050,0.000,0.105,0.021,0.002,0.000,0.063,0.287,0.134,0.052,0.138,0.052,0.028,0.125,0.122,0.187,0.031,0.234,0.117,0.109,0.060,0.066,0.088,0.100,0.058,0.042,0.049,0.071,0.028,0.023,0.061
0.103,0.066,0.114,0.104,0.119,0.063,0.088,0.118,0.126,0.005,0.039,0.079,0.000,0.082,0.098,0.096,0.052,0.119,0.101,0.074,0.092,0.111,0.072,0.098,0.044,0.099,0.043,0.024,0.010,0.013,0.018,0.007,0.001,0.041,0.039,0.020,0.070,0.065,0.031,0.068,0.052,0.041,0.067,0.060,0.102,0.050,0.045,0.041,0.047,0.029,0.008,0.022,0.086,0.190,0.306,0.287,0.176,0.138,0.074,0.098,0.153,0.096,0.110,0.108,0.075,0.108,0.066,0.096,0.101,0.142,0.095,0.145,0.118,0.108,0.119,0.043,0.119,0.024,0.049,0.063,0.000,0.290,0.065,0.096,0.090,0.082,0.033,0.141,0.130,0.214,0.084,0.343,0.123,0.106,0.002,0.011,0.002,0.010,0.034,0.052,0.046,0.022,0.061,0.060,0.024
0.165,0.145,0.220,0.237,0.262,0.252,0.266,0.254,0.257,0.112,0.107,0.121,0.077,0.139,0.154,0.130,0.074,0.162,0.184,0.202,0.240,0.300,0.288,0.346,0.313,0.394,0.360,0.345,0.351,0.293,0.320,0.319,0.342,0.382,0.393,0.360,0.392,0.363,0.330,0.389,0.367,0.340,0.348,0.316,0.347,0.257,0.212,0.149,0.105,0.039,0.054,0.083,0.228,0.345,0.425,0.336,0.258,0.255,0.135,0.119,0.230,0.203,0.158,0.156,0.172,0.207,0.203,0.264,0.260,0.330,0.273,0.340,0.290,0.281,0.286,0.150,0.230,0.101,0.089,0.287,0.290,0.000,0.239,0.065,0.121,0.292,0.179,0.150,0.224,0.176,0.218,0.057,0.297,0.157,0.180,0.268,0.245,0.239,0.274,0.268,0.248,0.191,0.243,0.214,0.139
0.153,0.107,0.164,0.152,0.173,0.126,0.161,0.194,0.219,0.110,0.126,0.176,0.105,0.178,0.193,0.211,0.171,0.235,0.220,0.190,0.204,0.220,0.170,0.184,0.120,0.163,0.105,0.065,0.046,0.028,0.032,0.036,0.033,0.089,0.098,0.092,0.150,0.157,0.119,0.151,0.145,0.138,0.173,0.172,0.209,0.180,0.171,0.171,0.172,0.158,0.138,0.161,0.234,0.304,0.395,0.422,0.263,0.233,0.196,0.201,0.251,0.200,0.212,0.202,0.167,0.200,0.174,0.191,0.189,0.223,0.163,0.197,0.178,0.142,0.170,0.070,0.159,0.008,0.157,0.134,0.065,0.239,0.000,0.013,0.068,0.041,0.044,0.061,0.042,0.147,0.040,0.012,0.121,0.139,0.053,0.018,0.022,0.042,0.088,0.123,0.122,0.111,0.153,0.158,0.120
0.026,0.055,0.006,0.012,0.007,0.043,0.008,0.028,0.049,0.049,0.025,0.038,0.036,0.039,0.061,0.094,0.065,0.139,0.103,0.071,0.071,0.086,0.022,0.042,0.033,0.027,0.040,0.059,0.078,0.085,0.068,0.082,0.066,0.023,0.007,0.025,0.011,0.031,0.011,0.034,0.030,0.013,0.049,0.049,0.080,0.067,0.054,0.074,0.069,0.078,0.082,0.116,0.160,0.193,0.307,0.279,0.096,0.091,0.063,0.058,0.108,0.053,0.072,0.059,0.015,0.053,0.024,0.037,0.035,0.073,0.004,0.043,0.020,0.008,0.004,0.059,0.051,0.084,0.025,0.052,0.096,0.065,0.013,0.000,0.080,0.062,0.039,0.126,0.108,0.218,0.054,0.005,0.104,0.196,0.132,0.106,0.119,0.112,0.060,0.032,0.030,0.037,0.006,0.014,0.004
0.176,0.150,0.232,0.232,0.269,0.230,0.265,0.282,0.293,0.171,0.187,0.225,0.166,0.237,0.254,0.242,0.183,0.265,0.268,0.266,0.297,0.338,0.301,0.342,0.279,0.339,0.263,0.214,0.155,0.119,0.116,0.147,0.169,0.242,0.256,0.262,0.300,0.319,0.278,0.315,0.304,0.291,0.318,0.315,0.347,0.289,0.255,0.234,0.208,0.153,0.154,0.178,0.284,0.400,0.527,0.412,0.288,0.312,0.223,0.210,0.294,0.266,0.252,0.241,0.235,0.280,0.257,0.297,0.291,0.336,0.267,0.308,0.263,0.220,0.209,0.075,0.123,0.024,0.086,0.138,0.090,0.121,0.068,0.080,0.000,0.207,0.176,0.069,0.114,0.016,0.010,0.403,0.098,0.052,0.071,0.153,0.163,0.186,0.240,0.264,0.263,0.234,0.280,0.268,0.227
0.054,0.079,0.059,0.060,0.059,0.117,0.106,0.086,0.095,0.217,0.167,0.126,0.211,0.124,0.106,0.102,0.139,0.070,0.108,0.131,0.117,0.092,0.130,0.078,0.129,0.031,0.086,0.049,0.029,0.024,0.010,0.047,0.004,0.014,0.006,0.072,0.082,0.083,0.116,0.048,0.074,0.110,0.098,0.113,0.087,0.139,0.156,0.138,0.131,0.127,0.123,0.087,0.075,0.001,0.163,0.125,0.004,0.043,0.103,0.075,0.026,0.100,0.084,0.081,0.126,0.096,0.149,0.113,0.099,0.047,0.087,0.014,0.049,0.021,0.015,0.027,0.071,0.002,0.045,0.052,0.082,0.292,0.041,0.062,0.207,0.000,0.142,0.160,0.081,0.039,0.180,0.107,0.191,0.003,0.018,0.044,0.095,0.151,0.111,0.125,0.139,0.174,0.141,0.150,0.168
0.018,0.027,0.022,0.029,0.051,0.005,0.032,0.053,0.051,0.059,0.024,0.020,0.048,0.026,0.044,0.040,0.011,0.068,0.050,0.044,0.066,0.105,0.060,0.111,0.038,0.124,0.044,0.047,0.001,0.007,0.022,0.017,0.044,0.085,0.090,0.072,0.085,0.112,0.076,0.129,0.109,0.086,0.105,0.105,0.117,0.075,0.031,0.033,0.013,0.021,0.013,0.004,0.068,0.144,0.229,0.159,0.083,0.105,0.029,0.032,0.113,0.059,0.053,0.054,0.027,0.066,0.032,0.067,0.074,0.129,0.058,0.111,0.071,0.052,0.031,0.020,0.073,0.046,0.027,0.028,0.033,0.179,0.044,0.039,0.176,0.142,0.000,0.087,0.007,0.085,0.040,0.153,0.130,0.068,0.002,0.008,0.012,0.019,0.036,0.040,0.035,0.009,0.045,0.032,0.015
0.108,0.121,0.075,0.067,0.044,0.089,0.064,0.051,0.058,0.170,0.133,0.091,0.155,0.080,0.058,0.064,0.108,0.022,0.046,0.046,0.032,0.013,0.030,0.034,0.037,0.059,0.031,0.014,0.058,0.058,0.028,0.039,0.024,0.049,0.065,0.040,0.017,0.054,0.018,0.096,0.082,0.039,0.049,0.028,0.034,0.023,0.071,0.065,0.089,0.112,0.089,0.074,0.043,0.010,0.112,0.060,0.031,0.023,0.090,0.085,0.019,0.064,0.064,0.068,0.089,0.045,0.081,0.037,0.036,0.017,0.049,0.007,0.044,0.049,0.071,0.112,0.031,0.118,0.124,0.125,0.141,0.150,0.061,0.126,0.069,0.160,0.087,0.000,0.036,0.049,0.016,0.245,0.046,0.095,0.049,0.062,0.083,0.104,0.047,0.053,0.052,0.085,0.041,0.055,0.069
0.090,0.118,0.072,0.077,0.051,0.104,0.077,0.060,0.060,0.174,0.134,0.090,0.156,0.074,0.043,0.048,0.081,0.006,0.024,0.030,0.027,0.006,0.038,0.013,0.052,0.026,0.065,0.059,0.098,0.098,0.068,0.084,0.017,0.005,0.029,0.002,0.016,0.015,0.027,0.048,0.042,0.000,0.017,0.010,0.021,0.043,0.061,0.059,0.073,0.085,0.063,0.047,0.019,0.040,0.121,0.078,0.033,0.036,0.086,0.083,0.043,0.078,0.063,0.080,0.100,0.054,0.097,0.055,0.061,0.021,0.075,0.024,0.074,0.074,0.089,0.126,0.061,0.096,0.117,0.122,0.130,0.224,0.042,0.108,0.114,0.081,0.007,0.036,0.000,0.032,0.006,0.342,0.003,0.081,0.046,0.082,0.103,0.128,0.076,0.073,0.068,0.097,0.049,0.053,0.066
0.112,0.133,0.082,0.073,0.049,0.086,0.070,0.067,0.074,0.205,0.173,0.143,0.208,0.130,0.106,0.117,0.154,0.067,0.085,0.088,0.077,0.033,0.061,0.000,0.045,0.045,0.021,0.001,0.007,0.034,0.034,0.002,0.087,0.083,0.106,0.043,0.028,0.016,0.016,0.068,0.051,0.004,0.008,0.036,0.002,0.090,0.114,0.133,0.152,0.169,0.152,0.135,0.081,0.004,0.068,0.023,0.089,0.100,0.160,0.150,0.104,0.132,0.124,0.134,0.143,0.098,0.134,0.078,0.084,0.035,0.082,0.021,0.090,0.079,0.108,0.155,0.131,0.146,0.186,0.187,0.214,0.176,0.147,0.218,0.016,0.039,0.085,0.049,0.032,0.000,0.067,0.475,0.064,0.076,0.050,0.088,0.094,0.131,0.075,0.086,0.088,0.134,0.080,0.093,0.131
0.009,0.035,0.013,0.001,0.022,0.034,0.006,0.019,0.030,0.086,0.053,0.004,0.074,0.009,0.039,0.046,0.015,0.097,0.066,0.049,0.053,0.076,0.028,0.062,0.004,0.064,0.004,0.030,0.045,0.074,0.054,0.070,0.019,0.012,0.042,0.021,0.028,0.047,0.002,0.053,0.054,0.022,0.053,0.037,0.084,0.033,0.025,0.029,0.020,0.015,0.030,0.058,0.101,0.173,0.286,0.228,0.073,0.057,0.011,0.012,0.046,0.010,0.029,0.007,0.019,0.023,0.017,0.014,0.007,0.040,0.008,0.038,0.000,0.008,0.003,0.061,0.006,0.037,0.032,0.031,0.084,0.218,0.040,0.054,0.010,0.180,0.040,0.016,0.006,0.067,0.000,0.321,0.046,0.086,0.035,0.053,0.067,0.079,0.035,0.016,0.015,0.037,0.011,0.013,0.008
0.157,0.235,0.216,0.259,0.251,0.334,0.296,0.234,0.197,0.281,0.237,0.149,0.242,0.146,0.107,0.042,0.035,0.034,0.047,0.109,0.145,0.165,0.253,0.263,0.339,0.309,0.375,0.416,0.407,0.416,0.395,0.438,0.405,0.377,0.336,0.352,0.328,0.292,0.356,0.312,0.288,0.315,0.257,0.256,0.188,0.183,0.148,0.090,0.066,0.007,0.015,0.047,0.019,0.022,0.140,0.159,0.089,0.144,0.107,0.099,0.131,0.185,0.111,0.150,0.224,0.185,0.239,0.251,0.261,0.255,0.300,0.273,0.277,0.287,0.227,0.244,0.150,0.072,0.123,0.234,0.343,0.057,0.012,0.005,0.403,0.107,0.153,0.245,0.342,0.475,0.321,0.000,0.056,0.462,0.378,0.419,0.429,0.428,0.389,0.336,0.326,0.308,0.263,0.224,0.212
0.063,0.029,0.020,0.020,0.004,0.050,0.014,0.022,0.062,0.044,0.029,0.034,0.030,0.056,0.098,0.127,0.121,0.197,0.159,0.130,0.115,0.119,0.061,0.063,0.012,0.038,0.001,0.060,0.048,0.128,0.097,0.108,0.062,0.018,0.037,0.018,0.049,0.052,0.011,0.034,0.054,0.025,0.074,0.055,0.129,0.090,0.111,0.108,0.108,0.127,0.135,0.162,0.210,0.267,0.322,0.313,0.133,0.096,0.087,0.072,0.065,0.046,0.080,0.033,0.003,0.042,0.012,0.025,0.004,0.022,0.024,0.004,0.010,0.039,0.025,0.072,0.005,0.066,0.085,0.117,0.123,0.297,0.121,0.104,0.098,0.191,0.130,0.046,0.003,0.064,0.046,0.056,0.000,0.177,0.180,0.108,0.120,0.093,0.072,0.023,0.023,0.026,0.027,0.049,0.024
0.002,0.022,0.025,0.032,0.047,0.013,0.022,0.024,0.022,0.118,0.091,0.071,0.141,0.064,0.047,0.060,0.097,0.020,0.030,0.042,0.028,0.007,0.012,0.031,0.004,0.068,0.039,0.047,0.106,0.078,0.129,0.075,0.085,0.085,0.082,0.037,0.066,0.026,0.003,0.057,0.040,0.010,0.020,0.021,0.028,0.060,0.068,0.099,0.107,0.125,0.126,0.110,0.037,0.051,0.088,0.071,0.025,0.050,0.106,0.087,0.049,0.069,0.059,0.064,0.069,0.031,0.066,0.013,0.017,0.028,0.002,0.060,0.003,0.020,0.002,0.074,0.151,0.089,0.130,0.109,0.106,0.157,0.139,0.196,0.052,0.003,0.068,0.095,0.081,0.076,0.086,0.462,0.177,0.000,0.017,0.018,0.020,0.061,0.023,0.029,0.037,0.085,0.033,0.043,0.099
0.009,0.025,0.035,0.039,0.059,0.033,0.043,0.042,0.047,0.092,0.076,0.057,0.117,0.042,0.019,0.034,0.061,0.018,0.012,0.003,0.011,0.043,0.029,0.061,0.045,0.092,0.085,0.083,0.141,0.115,0.150,0.114,0.099,0.113,0.111,0.074,0.117,0.063,0.034,0.089,0.076,0.049,0.062,0.014,0.073,0.021,0.020,0.068,0.078,0.096,0.095,0.085,0.004,0.077,0.044,0.037,0.037,0.046,0.090,0.084,0.063,0.056,0.048,0.065,0.056,0.016,0.043,0.011,0.000,0.043,0.015,0.074,0.006,0.024,0.017,0.136,0.213,0.081,0.121,0.060,0.002,0.180,0.053,0.132,0.071,0.018,0.002,0.049,0.046,0.050,0.035,0.378,0.180,0.017,0.000,0.015,0.005,0.022,0.000,0.000,0.011,0.056,0.001,0.006,0.069
0.014,0.021,0.043,0.037,0.065,0.024,0.043,0.050,0.056,0.078,0.051,0.029,0.092,0.012,0.014,0.007,0.034,0.043,0.033,0.020,0.025,0.050,0.034,0.060,0.040,0.075,0.064,0.052,0.059,0.040,0.068,0.065,0.041,0.074,0.067,0.042,0.098,0.045,0.017,0.064,0.054,0.032,0.049,0.005,0.067,0.026,0.014,0.056,0.057,0.074,0.079,0.078,0.014,0.063,0.002,0.022,0.033,0.039,0.071,0.057,0.047,0.041,0.022,0.040,0.036,0.007,0.031,0.021,0.010,0.048,0.019,0.075,0.003,0.007,0.058,0.102,0.124,0.041,0.094,0.066,0.011,0.268,0.018,0.106,0.153,0.044,0.008,0.062,0.082,0.088,0.053,0.419,0.108,0.018,0.015,0.000,0.010,0.028,0.002,0.005,0.000,0.040,0.013,0.013,0.039
0.032,0.054,0.015,0.020,0.058,0.024,0.040,0.039,0.038,0.099,0.070,0.058,0.117,0.040,0.015,0.047,0.070,0.004,0.001,0.010,0.009,0.016,0.012,0.033,0.028,0.042,0.046,0.048,0.021,0.046,0.068,0.096,0.031,0.065,0.037,0.021,0.095,0.020,0.006,0.050,0.035,0.019,0.028,0.030,0.033,0.071,0.050,0.104,0.102,0.119,0.126,0.131,0.075,0.014,0.125,0.086,0.110,0.111,0.122,0.107,0.123,0.094,0.069,0.087,0.069,0.022,0.061,0.002,0.012,0.026,0.002,0.060,0.060,0.060,0.135,0.114,0.134,0.054,0.118,0.088,0.002,0.245,0.022,0.119,0.163,0.095,0.012,0.083,0.103,0.094,0.067,0.429,0.120,0.020,0.005,0.010,0.000,0.028,0.010,0.012,0.014,0.059,0.004,0.004,0.063
0.057,0.063,0.010,0.020,0.072,0.033,0.063,0.066,0.062,0.070,0.036,0.024,0.082,0.007,0.016,0.026,0.054,0.020,0.018,0.010,0.012,0.039,0.039,0.059,0.046,0.043,0.016,0.012,0.046,0.008,0.009,0.045,0.012,0.037,0.002,0.001,0.102,0.031,0.028,0.060,0.041,0.037,0.045,0.010,0.043,0.063,0.042,0.096,0.091,0.113,0.126,0.143,0.097,0.053,0.198,0.132,0.120,0.113,0.115,0.093,0.099,0.072,0.046,0.055,0.035,0.017,0.025,0.042,0.034,0.085,0.043,0.101,0.031,0.043,0.129,0.108,0.105,0.064,0.117,0.100,0.010,0.239,0.042,0.112,0.186,0.151,0.019,0.104,0.128,0.131,0.079,0.428,0.093,0.061,0.022,0.028,0.028,0.000,0.040,0.029,0.027,0.021,0.032,0.030,0.026
0.065,0.086,0.043,0.055,0.005,0.040,0.006,0.013,0.017,0.101,0.065,0.049,0.095,0.018,0.019,0.026,0.037,0.034,0.030,0.027,0.017,0.033,0.040,0.040,0.053,0.014,0.010,0.006,0.042,0.018,0.003,0.034,0.012,0.027,0.008,0.010,0.106,0.024,0.023,0.048,0.040,0.036,0.046,0.021,0.046,0.059,0.018,0.080,0.072,0.089,0.094,0.110,0.076,0.045,0.194,0.135,0.109,0.104,0.096,0.090,0.129,0.092,0.061,0.090,0.068,0.017,0.061,0.005,0.020,0.011,0.035,0.026,0.093,0.077,0.123,0.093,0.083,0.036,0.082,0.058,0.034,0.274,0.088,0.060,0.240,0.111,0.036,0.047,0.076,0.075,0.035,0.389,0.072,0.023,0.000,0.002,0.010,0.040,0.000,0.007,0.012,0.025,0.026,0.034,0.014
0.080,0.088,0.064,0.065,0.021,0.065,0.016,0.001,0.001,0.111,0.069,0.049,0.099,0.020,0.016,0.032,0.040,0.026,0.023,0.021,0.008,0.022,0.032,0.017,0.011,0.025,0.001,0.012,0.035,0.003,0.007,0.034,0.009,0.028,0.009,0.001,0.089,0.019,0.025,0.044,0.028,0.031,0.040,0.022,0.034,0.065,0.021,0.089,0.075,0.092,0.099,0.118,0.092,0.081,0.246,0.173,0.105,0.101,0.091,0.081,0.106,0.091,0.062,0.078,0.064,0.014,0.062,0.007,0.004,0.070,0.011,0.013,0.038,0.040,0.096,0.066,0.038,0.024,0.063,0.042,0.052,0.268,0.123,0.032,0.264,0.125,0.040,0.053,0.073,0.086,0.016,0.336,0.023,0.029,0.000,0.005,0.012,0.029,0.007,0.000,0.004,0.034,0.013,0.024,0.022
0.109,0.107,0.102,0.098,0.070,0.097,0.054,0.042,0.051,0.140,0.092,0.077,0.115,0.045,0.007,0.063,0.061,0.001,0.001,0.008,0.015,0.004,0.023,0.012,0.002,0.037,0.005,0.012,0.038,0.005,0.005,0.036,0.007,0.028,0.006,0.003,0.082,0.021,0.050,0.054,0.035,0.051,0.050,0.019,0.015,0.076,0.030,0.108,0.094,0.111,0.115,0.136,0.119,0.122,0.286,0.218,0.123,0.111,0.103,0.099,0.120,0.109,0.094,0.105,0.090,0.047,0.094,0.007,0.022,0.073,0.028,0.016,0.044,0.048,0.103,0.072,0.040,0.038,0.071,0.049,0.046,0.248,0.122,0.030,0.263,0.139,0.035,0.052,0.068,0.088,0.015,0.326,0.023,0.037,0.011,0.000,0.014,0.027,0.012,0.004,0.000,0.030,0.014,0.024,0.023
0.148,0.136,0.134,0.116,0.092,0.104,0.059,0.040,0.044,0.114,0.073,0.049,0.086,0.027,0.005,0.053,0.053,0.008,0.020,0.027,0.004,0.014,0.017,0.028,0.047,0.055,0.039,0.022,0.072,0.038,0.028,0.002,0.041,0.003,0.021,0.026,0.048,0.011,0.040,0.041,0.025,0.051,0.056,0.012,0.010,0.052,0.022,0.106,0.094,0.113,0.120,0.150,0.135,0.162,0.335,0.264,0.141,0.118,0.107,0.103,0.103,0.098,0.095,0.086,0.068,0.013,0.034,0.056,0.040,0.098,0.022,0.022,0.045,0.064,0.118,0.091,0.045,0.066,0.087,0.071,0.022,0.191,0.111,0.037,0.234,0.174,0.009,0.085,0.097,0.134,0.037,0.308,0.026,0.085,0.056,0.040,0.059,0.021,0.025,0.034,0.030,0.000,0.045,0.061,0.004
0.105,0.091,0.094,0.083,0.075,0.089,0.072,0.065,0.103,0.156,0.087,0.075,0.107,0.045,0.013,0.077,0.063,0.023,0.022,0.005,0.038,0.045,0.001,0.028,0.015,0.024,0.002,0.022,0.030,0.007,0.013,0.039,0.001,0.034,0.012,0.006,0.062,0.024,0.063,0.057,0.031,0.059,0.051,0.009,0.008,0.062,0.023,0.103,0.080,0.101,0.105,0.126,0.128,0.148,0.290,0.222,0.092,0.068,0.067,0.064,0.054,0.051,0.071,0.059,0.043,0.032,0.084,0.004,0.025,0.085,0.005,0.010,0.003,0.018,0.071,0.044,0.004,0.023,0.043,0.028,0.061,0.243,0.153,0.006,0.280,0.141,0.045,0.041,0.049,0.080,0.011,0.263,0.027,0.033,0.001,0.013,0.004,0.032,0.026,0.013,0.014,0.045,0.000,0.015,0.003
0.105,0.080,0.082,0.060,0.052,0.058,0.038,0.031,0.068,0.115,0.057,0.049,0.079,0.033,0.019,0.090,0.076,0.051,0.047,0.024,0.053,0.043,0.002,0.012,0.016,0.009,0.002,0.028,0.024,0.016,0.022,0.045,0.006,0.041,0.017,0.007,0.062,0.033,0.071,0.066,0.034,0.064,0.055,0.037,0.010,0.040,0.024,0.110,0.083,0.107,0.116,0.135,0.139,0.166,0.300,0.233,0.079,0.048,0.053,0.046,0.013,0.013,0.051,0.017,0.002,0.014,0.015,0.064,0.079,0.127,0.038,0.039,0.026,0.003,0.052,0.030,0.025,0.023,0.035,0.023,0.060,0.214,0.158,0.014,0.268,0.150,0.032,0.055,0.053,0.093,0.013,0.224,0.049,0.043,0.006,0.013,0.004,0.030,0.034,0.024,0.024,0.061,0.015,0.000,0.005
0.177,0.151,0.152,0.123,0.114,0.109,0.083,0.080,0.103,0.137,0.112,0.087,0.112,0.091,0.084,0.128,0.099,0.048,0.032,0.024,0.028,0.023,0.004,0.004,0.039,0.017,0.024,0.004,0.059,0.028,0.015,0.007,0.018,0.024,0.009,0.002,0.057,0.052,0.077,0.083,0.066,0.094,0.099,0.091,0.029,0.036,0.008,0.093,0.097,0.124,0.117,0.145,0.133,0.185,0.330,0.279,0.120,0.075,0.083,0.093,0.041,0.043,0.099,0.060,0.047,0.027,0.015,0.035,0.039,0.093,0.011,0.003,0.017,0.047,0.097,0.081,0.008,0.081,0.078,0.061,0.024,0.139,0.120,0.004,0.227,0.168,0.015,0.069,0.066,0.131,0.008,0.212,0.024,0.099,0.069,0.039,0.063,0.026,0.014,0.022,0.023,0.004,0.003,0.005,0.000
