0.000,0.098,0.486,0.591,0.394,0.348,0.038,0.332,0.561,0.775,0.354,1.061,1.014,1.149,0.940,0.938,1.107,0.609,1.701,1.199,0.982,0.793,0.636,0.086,0.074,0.313,0.017,0.348,0.325,0.480,1.390,1.234,1.611,1.333,0.539,1.005,0.212,0.092,0.186,0.309,0.344,0.664,0.156,0.087,0.004,0.033,0.300,0.164,0.049,0.089,0.105,0.237,0.364,0.342,0.251,1.378,1.286,1.253,1.556,0.868,1.160,1.298,0.439,0.504,0.900,0.462,0.032,0.027,0.249,0.335,0.796,0.751,1.123,1.270,0.939,0.499,0.489,0.295,0.242,0.027,0.656,0.631,0.633,0.873,0.937,0.545,0.562,0.519,0.617,0.426,0.190,0.155,0.205,0.389,0.640,0.618,0.904
0.098,0.000,0.164,0.165,0.102,0.405,0.124,0.056,0.084,0.089,0.334,0.288,0.161,0.327,0.081,0.040,0.134,0.410,0.637,0.342,0.200,0.032,0.008,0.379,0.358,0.140,0.035,0.206,0.528,0.175,0.929,0.614,1.135,0.780,0.115,0.801,0.063,0.068,0.092,0.175,0.102,0.519,0.065,0.054,0.076,0.057,0.259,0.244,0.249,0.161,0.319,0.442,0.492,0.426,0.369,1.178,1.302,1.237,1.140,0.585,0.936,1.062,0.521,0.567,1.238,0.752,0.305,0.391,0.263,0.218,0.197,0.138,0.352,0.544,0.375,0.019,0.100,0.128,0.076,0.199,0.700,0.480,0.264,0.343,0.337,0.183,0.245,0.255,0.390,0.199,0.045,0.158,0.041,0.108,0.117,0.034,0.142
0.486,0.164,0.000,0.137,0.047,0.018,0.225,0.342,0.489,0.541,0.140,0.718,0.664,0.800,0.443,0.467,0.663,0.116,1.223,0.883,0.703,0.520,0.461,0.052,0.124,0.317,0.306,0.405,0.218,0.090,1.016,0.762,1.122,0.806,0.059,0.623,0.160,0.230,0.411,0.528,0.488,0.831,0.391,0.359,0.331,0.266,0.000,0.067,0.097,0.216,0.034,0.104,0.241,0.187,0.137,1.044,1.043,1.022,1.156,0.765,0.697,0.911,0.222,0.248,0.727,0.298,0.132,0.070,0.259,0.294,0.687,0.662,0.898,1.076,0.863,0.522,0.565,0.386,0.402,0.204,0.313,0.229,0.141,0.345,0.404,0.028,0.050,0.005,0.130,0.031,0.211,0.185,0.452,0.544,0.641,0.513,0.697
0.591,0.165,0.137,0.000,0.139,0.078,0.234,0.217,0.288,0.278,0.102,0.399,0.361,0.513,0.085,0.115,0.283,0.277,0.791,0.538,0.370,0.137,0.134,0.199,0.077,0.027,0.129,0.024,0.549,0.322,1.070,0.843,1.146,0.822,0.115,0.729,0.100,0.168,0.329,0.475,0.388,0.780,0.363,0.324,0.320,0.173,0.072,0.055,0.063,0.032,0.159,0.323,0.478,0.415,0.381,1.126,1.124,1.103,1.178,0.982,0.737,1.008,0.451,0.436,0.894,0.462,0.047,0.130,0.088,0.068,0.435,0.457,0.628,0.862,0.707,0.404,0.477,0.282,0.325,0.110,0.367,0.279,0.121,0.373,0.431,0.028,0.037,0.221,0.061,0.149,0.272,0.231,0.476,0.512,0.509,0.379,0.458
0.394,0.102,0.047,0.139,0.000,0.079,0.121,0.075,0.131,0.116,0.246,0.207,0.214,0.376,0.044,0.045,0.122,0.443,0.613,0.369,0.190,0.076,0.066,0.384,0.231,0.179,0.109,0.365,0.754,0.580,1.005,0.928,1.271,0.983,0.298,0.948,0.083,0.000,0.176,0.345,0.256,0.659,0.255,0.194,0.181,0.012,0.241,0.240,0.244,0.160,0.358,0.535,0.695,0.623,0.561,1.208,1.110,1.060,1.164,1.000,0.780,1.153,0.666,0.674,1.039,0.632,0.218,0.300,0.038,0.090,0.271,0.332,0.504,0.770,0.616,0.319,0.403,0.197,0.238,0.024,0.503,0.463,0.254,0.562,0.542,0.014,0.022,0.309,0.121,0.117,0.224,0.186,0.470,0.458,0.440,0.336,0.367
0.348,0.405,0.018,0.078,0.079,0.000,0.225,0.012,0.076,0.070,0.398,0.017,0.032,0.151,0.392,0.305,0.234,0.785,0.190,0.069,0.047,0.330,0.274,0.499,0.410,0.473,0.149,0.399,1.050,0.534,0.949,0.779,1.129,0.790,0.107,0.844,0.039,0.081,0.300,0.467,0.338,0.869,0.438,0.368,0.389,0.106,0.107,0.207,0.242,0.261,0.483,0.694,0.816,0.808,0.780,1.332,1.343,1.347,1.207,0.984,1.110,1.304,0.933,0.883,1.384,0.841,0.355,0.454,0.211,0.271,0.136,0.213,0.335,0.661,0.602,0.296,0.441,0.139,0.214,0.026,0.562,0.402,0.048,0.379,0.378,0.230,0.016,0.272,0.221,0.298,0.449,0.335,0.479,0.538,0.372,0.236,0.205
0.038,0.124,0.225,0.234,0.121,0.225,0.000,0.194,0.137,0.221,0.510,0.140,0.099,0.124,0.378,0.336,0.300,0.858,0.067,0.066,0.220,0.586,0.526,0.752,0.661,0.718,0.502,0.559,0.978,0.547,0.700,0.732,1.095,0.917,0.349,1.169,0.300,0.264,0.028,0.214,0.102,0.650,0.210,0.100,0.101,0.185,0.406,0.508,0.504,0.529,0.738,0.943,1.028,0.968,0.849,1.267,1.125,1.093,1.043,0.809,0.944,1.268,1.026,1.141,1.463,1.057,0.590,0.678,0.338,0.472,0.068,0.064,0.218,0.591,0.495,0.170,0.317,0.011,0.036,0.329,0.926,0.778,0.309,0.555,0.419,0.166,0.101,0.228,0.161,0.103,0.267,0.172,0.445,0.439,0.303,0.253,0.148
0.332,0.056,0.342,0.217,0.075,0.012,0.194,0.000,0.034,0.088,0.443,0.014,0.021,0.269,0.291,0.169,0.343,0.843,0.082,0.198,0.304,0.742,0.688,0.913,1.018,0.938,0.633,0.273,1.052,0.566,0.755,0.780,1.207,1.063,0.513,1.365,0.603,0.645,0.203,0.067,0.120,0.563,0.010,0.164,0.178,0.464,0.672,0.812,0.731,0.856,1.051,1.232,1.216,1.182,1.002,1.422,1.250,1.206,1.093,0.656,1.203,1.471,1.248,1.467,1.889,1.458,0.928,1.004,0.631,0.779,0.246,0.104,0.161,0.628,0.470,0.020,0.138,0.369,0.403,0.766,1.402,1.101,0.586,0.739,0.592,0.429,0.461,0.261,0.331,0.350,0.139,0.274,0.157,0.191,0.143,0.296,0.151
0.561,0.084,0.489,0.288,0.131,0.076,0.137,0.034,0.000,0.085,0.154,0.247,0.332,0.717,0.165,0.280,0.016,0.520,0.115,0.023,0.141,0.729,0.640,0.810,0.894,0.557,0.510,0.006,0.628,0.341,0.422,0.527,0.863,0.875,0.474,1.316,0.712,0.880,0.354,0.372,0.337,0.303,0.322,0.443,0.435,0.631,0.779,0.871,0.680,0.797,0.909,1.027,0.946,0.873,0.622,0.971,0.685,0.701,0.641,0.274,0.812,1.081,0.879,1.225,1.371,1.193,0.816,0.905,0.403,0.725,0.219,0.087,0.232,0.685,0.401,0.154,0.069,0.614,0.802,1.078,1.569,1.204,0.684,0.724,0.563,0.417,0.522,0.440,0.571,0.664,0.396,0.619,0.563,0.161,0.092,0.448,0.287
0.775,0.089,0.541,0.278,0.116,0.070,0.221,0.088,0.085,0.000,0.385,0.242,0.173,0.624,0.019,0.234,0.233,0.710,0.199,0.287,0.368,0.866,0.783,0.839,0.909,0.659,0.443,0.176,0.699,0.306,0.438,0.486,0.910,0.863,0.379,1.185,0.683,0.873,0.415,0.468,0.432,0.273,0.343,0.483,0.459,0.706,0.821,1.007,0.813,1.061,1.150,1.219,1.047,1.029,0.765,1.114,0.851,0.836,0.688,0.141,1.037,1.231,1.040,1.391,1.744,1.501,1.131,1.258,0.928,1.124,0.456,0.386,0.101,0.612,0.309,0.388,0.221,0.910,0.907,0.960,1.383,1.069,0.573,0.642,0.503,0.387,0.486,0.484,0.597,0.606,0.311,0.564,0.693,0.294,0.254,0.190,0.202
0.354,0.334,0.140,0.102,0.246,0.398,0.510,0.443,0.154,0.385,0.000,0.081,0.283,0.634,0.025,0.191,0.201,0.581,0.123,0.133,0.169,0.710,0.689,0.567,0.672,0.749,0.577,0.110,0.915,0.549,0.636,0.668,0.996,0.945,0.469,1.071,0.667,0.799,0.258,0.291,0.087,0.555,0.048,0.220,0.307,0.482,0.628,0.871,0.659,1.050,1.190,1.283,1.113,1.202,0.982,1.245,0.967,1.027,0.839,0.372,1.297,1.398,1.232,1.505,1.673,1.468,1.134,1.214,0.883,0.985,0.089,0.122,0.894,1.323,0.932,0.167,0.253,0.466,0.588,0.724,1.118,0.981,0.588,0.770,0.690,0.578,0.602,0.599,0.612,0.578,0.307,0.429,0.509,0.075,0.178,0.610,1.180
1.061,0.288,0.718,0.399,0.207,0.017,0.140,0.014,0.247,0.242,0.081,0.000,0.206,0.612,0.256,0.183,0.460,0.688,0.303,0.790,0.800,0.895,0.716,0.616,0.445,0.452,0.333,0.365,0.507,0.154,0.183,0.307,0.770,0.802,0.273,0.969,0.748,0.928,0.617,0.603,0.530,0.104,0.357,0.614,0.641,0.941,1.067,1.415,1.176,1.661,1.641,1.526,1.244,1.223,0.859,1.075,0.672,0.614,0.523,0.161,0.971,1.164,1.036,1.482,1.683,1.641,1.574,1.880,1.922,1.805,0.799,0.550,0.533,1.000,0.534,0.250,0.004,0.663,0.573,0.664,0.930,0.826,0.374,0.454,0.282,0.060,0.181,0.182,0.287,0.348,0.072,0.269,0.290,0.043,0.142,0.574,0.960
1.014,0.161,0.664,0.361,0.214,0.032,0.099,0.021,0.332,0.173,0.283,0.206,0.000,0.528,0.038,0.166,0.574,0.868,0.366,0.515,0.035,0.186,0.163,0.111,0.029,0.124,0.012,0.586,0.355,0.028,0.067,0.077,0.494,0.438,0.099,0.468,0.218,0.374,0.014,0.094,0.044,0.551,0.118,0.044,0.077,0.263,0.375,0.695,0.439,0.981,1.014,0.951,0.705,0.836,0.585,0.826,0.534,0.550,0.318,0.340,0.921,0.951,0.780,1.061,1.301,1.084,0.887,1.136,1.326,1.073,0.107,0.048,0.890,1.049,0.767,0.104,0.308,0.236,0.198,0.190,0.533,0.415,0.042,0.196,0.121,0.006,0.056,0.147,0.194,0.128,0.169,0.015,0.151,0.159,0.305,0.434,1.004
1.149,0.327,0.800,0.513,0.376,0.151,0.124,0.269,0.717,0.624,0.634,0.612,0.528,0.000,0.005,0.403,0.864,0.210,0.720,0.085,0.547,0.870,0.642,0.402,0.278,0.063,0.192,0.760,0.291,0.149,0.041,0.000,0.471,0.398,0.256,0.269,0.046,0.122,0.211,0.252,0.411,0.897,0.493,0.266,0.163,0.038,0.245,0.621,0.382,1.026,1.129,1.044,0.841,1.011,0.749,0.980,0.676,0.620,0.411,0.402,0.969,0.995,0.819,1.074,1.367,1.066,0.811,1.048,1.301,0.760,0.292,0.446,1.436,1.568,1.272,0.621,0.811,0.287,0.273,0.192,0.160,0.134,0.218,0.012,0.098,0.300,0.255,0.205,0.182,0.246,0.516,0.389,0.318,0.639,0.829,0.948,1.537
0.940,0.081,0.443,0.085,0.044,0.392,0.378,0.291,0.165,0.019,0.025,0.256,0.038,0.005,0.000,0.813,0.136,0.202,0.722,0.118,0.431,0.747,0.438,0.183,0.137,0.155,0.013,0.608,0.448,0.068,0.225,0.154,0.649,0.520,0.067,0.468,0.194,0.338,0.012,0.099,0.087,0.515,0.079,0.014,0.067,0.143,0.256,0.490,0.261,0.730,0.824,0.800,0.534,0.786,0.605,0.946,0.716,0.715,0.407,0.395,1.183,1.105,0.866,1.066,1.473,1.103,0.751,0.865,1.147,0.680,0.202,0.047,0.843,0.825,0.637,0.022,0.177,0.303,0.297,0.222,0.633,0.474,0.136,0.295,0.262,0.166,0.243,0.421,0.468,0.306,0.010,0.191,0.386,0.027,0.094,0.053,0.708
0.938,0.040,0.467,0.115,0.045,0.305,0.336,0.169,0.280,0.234,0.191,0.183,0.166,0.403,0.813,0.000,0.150,1.051,1.671,0.256,0.510,0.886,0.441,0.098,0.089,0.233,0.177,0.452,0.530,0.184,0.243,0.307,0.831,0.788,0.134,0.613,0.466,0.526,0.233,0.183,0.035,0.437,0.065,0.154,0.300,0.412,0.635,0.952,0.702,1.301,1.415,1.303,1.080,1.293,1.020,1.254,0.867,0.769,0.634,0.263,1.269,1.298,1.108,1.377,1.597,1.343,1.085,1.216,1.476,0.808,0.179,0.238,1.251,1.269,0.966,0.309,0.437,0.049,0.107,0.178,0.513,0.512,0.188,0.361,0.259,0.007,0.108,0.181,0.233,0.177,0.086,0.036,0.086,0.217,0.429,0.550,1.188
1.107,0.134,0.663,0.283,0.122,0.234,0.300,0.343,0.016,0.233,0.201,0.460,0.574,0.864,0.136,0.150,0.000,0.011,1.082,0.131,0.341,0.940,0.571,0.412,0.112,0.157,0.236,0.792,0.028,0.263,0.245,0.296,0.117,0.075,0.375,0.068,0.014,0.190,0.029,0.168,0.019,0.261,0.002,0.044,0.055,0.072,0.097,0.310,0.055,0.496,0.461,0.340,0.010,0.248,0.052,0.250,0.084,0.007,0.264,0.857,0.588,0.513,0.341,0.581,0.690,0.596,0.471,0.620,1.048,0.562,0.161,0.084,0.657,0.485,0.368,0.085,0.086,0.254,0.219,0.044,0.312,0.187,0.123,0.016,0.045,0.147,0.032,0.185,0.260,0.149,0.148,0.075,0.272,0.070,0.056,0.090,0.534
0.609,0.410,0.116,0.277,0.443,0.785,0.858,0.843,0.520,0.710,0.581,0.688,0.868,0.210,0.202,1.051,0.011,0.000,0.199,0.426,0.208,0.117,0.167,0.261,0.598,0.532,0.459,0.161,0.651,0.407,0.460,0.412,0.824,0.777,0.349,0.856,0.670,0.886,0.548,0.773,0.557,0.201,0.589,0.632,0.649,0.664,0.681,0.866,0.595,1.015,1.014,0.965,0.633,0.846,0.640,0.894,0.571,0.651,0.397,0.190,1.232,1.194,1.003,1.269,1.428,1.279,1.084,1.197,1.487,1.173,0.356,0.612,0.208,0.091,0.068,0.665,0.533,0.979,0.959,0.809,1.144,0.967,0.632,0.729,0.686,0.616,0.734,0.937,1.016,0.901,0.576,0.810,1.024,0.740,0.622,0.626,0.005
1.701,0.637,1.223,0.791,0.613,0.190,0.067,0.082,0.115,0.199,0.123,0.303,0.366,0.720,0.722,1.671,1.082,0.199,0.000,0.094,0.300,0.880,0.765,0.759,0.443,0.730,0.741,1.369,0.730,0.866,0.865,0.952,0.588,0.585,0.872,0.341,0.410,0.047,0.209,0.240,0.184,0.018,0.215,0.137,0.049,0.039,0.184,0.047,0.403,0.091,0.301,0.463,0.858,0.693,0.900,0.678,1.002,0.845,1.137,1.576,0.213,0.288,0.466,0.165,0.127,0.100,0.095,0.153,0.533,0.541,0.122,0.667,0.170,0.377,0.388,0.695,0.390,0.603,0.369,0.028,0.198,0.082,0.426,0.443,0.464,0.457,0.283,0.050,0.206,0.098,0.269,0.103,0.397,0.326,0.267,0.570,0.101
1.199,0.342,0.883,0.538,0.369,0.069,0.066,0.198,0.023,0.287,0.133,0.790,0.515,0.085,0.118,0.256,0.131,0.426,0.094,0.000,0.231,0.931,0.659,0.710,0.416,0.442,0.457,0.903,0.348,0.517,0.566,0.594,0.326,0.303,0.615,0.225,0.243,0.019,0.174,0.143,0.013,0.152,0.004,0.006,0.056,0.051,0.115,0.091,0.258,0.181,0.041,0.089,0.382,0.188,0.375,0.269,0.610,0.438,0.687,1.030,0.101,0.044,0.084,0.152,0.019,0.028,0.059,0.276,0.581,0.506,0.087,0.203,0.475,0.255,0.182,0.145,0.055,0.183,0.111,0.119,0.063,0.044,0.334,0.247,0.269,0.337,0.234,0.024,0.055,0.002,0.297,0.062,0.124,0.040,0.095,0.063,0.447
0.982,0.200,0.703,0.370,0.190,0.047,0.220,0.304,0.141,0.368,0.169,0.800,0.035,0.547,0.431,0.510,0.341,0.208,0.300,0.231,0.000,0.344,0.267,0.358,0.164,0.172,0.115,0.590,0.070,0.218,0.281,0.243,0.013,0.084,0.223,0.230,0.170,0.431,0.191,0.472,0.317,0.083,0.311,0.366,0.317,0.375,0.340,0.557,0.190,0.606,0.465,0.343,0.074,0.178,0.062,0.064,0.322,0.171,0.341,0.667,0.313,0.347,0.218,0.522,0.288,0.382,0.453,0.740,0.787,1.027,0.231,0.337,0.544,0.387,0.161,0.287,0.123,0.434,0.382,0.245,0.432,0.347,0.032,0.104,0.041,0.066,0.045,0.194,0.286,0.290,0.004,0.213,0.313,0.232,0.022,0.005,0.507
0.793,0.032,0.520,0.137,0.076,0.330,0.586,0.742,0.729,0.866,0.710,0.895,0.186,0.870,0.747,0.886,0.940,0.117,0.880,0.931,0.344,0.000,0.023,0.095,0.097,0.127,0.102,0.388,0.123,0.091,0.238,0.177,0.014,0.170,0.015,0.482,0.484,0.860,0.702,1.130,0.956,0.818,1.000,0.960,0.855,0.798,0.644,0.675,0.251,0.375,0.178,0.093,0.188,0.106,0.333,0.195,0.638,0.416,0.526,0.667,0.144,0.210,0.069,0.416,0.055,0.213,0.371,0.547,0.017,0.839,0.308,0.649,0.120,0.113,0.450,0.873,0.790,1.028,0.961,0.742,0.838,0.714,0.403,0.373,0.299,0.198,0.377,0.567,0.726,0.789,0.488,0.760,0.807,0.872,0.597,0.523,0.041
0.636,0.008,0.461,0.134,0.066,0.274,0.526,0.688,0.640,0.783,0.689,0.716,0.163,0.642,0.438,0.441,0.571,0.167,0.765,0.659,0.267,0.023,0.000,0.039,0.031,0.072,0.115,0.290,0.017,0.023,0.147,0.064,0.130,0.261,0.018,0.509,0.418,0.717,0.461,0.733,0.487,0.301,0.575,0.580,0.575,0.541,0.523,0.588,0.266,0.401,0.343,0.317,0.098,0.142,0.091,0.061,0.362,0.175,0.266,0.431,0.267,0.371,0.229,0.575,0.149,0.393,0.465,0.567,0.118,0.377,0.135,0.006,0.529,0.420,0.124,0.267,0.250,0.505,0.597,0.546,0.692,0.631,0.310,0.350,0.274,0.133,0.264,0.383,0.498,0.560,0.294,0.490,0.467,0.461,0.126,0.104,0.380
0.086,0.379,0.052,0.199,0.384,0.499,0.752,0.913,0.810,0.839,0.567,0.616,0.111,0.402,0.183,0.098,0.412,0.261,0.759,0.710,0.358,0.095,0.039,0.000,0.065,0.258,0.405,0.221,0.386,0.331,0.181,0.277,0.380,0.490,0.232,0.615,0.442,0.605,0.142,0.294,0.089,0.162,0.135,0.133,0.271,0.117,0.249,0.266,0.007,0.104,0.274,0.443,0.358,0.434,0.267,0.379,0.008,0.202,0.125,0.087,0.538,0.648,0.529,0.790,0.207,0.387,0.143,0.032,0.722,0.337,0.659,0.639,0.885,0.812,0.632,0.390,0.306,0.206,0.133,0.342,0.558,0.661,0.398,0.555,0.506,0.333,0.383,0.411,0.439,0.490,0.290,0.326,0.189,0.114,0.310,0.211,0.658
0.074,0.358,0.124,0.077,0.231,0.410,0.661,1.018,0.894,0.909,0.672,0.445,0.029,0.278,0.137,0.089,0.112,0.598,0.443,0.416,0.164,0.097,0.031,0.065,0.000,0.173,0.037,0.043,0.366,0.153,0.135,0.137,0.273,0.245,0.135,0.381,0.150,0.035,0.476,0.291,0.406,0.613,0.264,0.323,0.325,0.321,0.189,0.131,0.262,0.177,0.007,0.193,0.188,0.260,0.163,0.392,0.152,0.330,0.164,0.099,0.504,0.590,0.417,0.558,0.442,0.295,0.127,0.017,0.383,0.162,0.482,0.460,0.585,0.665,0.585,0.369,0.410,0.272,0.152,0.039,0.428,0.368,0.070,0.301,0.313,0.221,0.214,0.263,0.267,0.213,0.026,0.048,0.015,0.143,0.378,0.090,0.383
0.313,0.140,0.317,0.027,0.179,0.473,0.718,0.938,0.557,0.659,0.749,0.452,0.124,0.063,0.155,0.233,0.157,0.532,0.730,0.442,0.172,0.127,0.072,0.258,0.173,0.000,0.131,0.304,0.155,0.050,0.108,0.045,0.310,0.303,0.224,0.403,0.004,0.111,0.073,0.033,0.132,0.324,0.034,0.050,0.017,0.012,0.139,0.160,0.106,0.066,0.212,0.353,0.281,0.289,0.106,0.409,0.036,0.110,0.048,0.203,0.379,0.591,0.406,0.739,0.937,0.773,0.221,0.262,0.047,0.031,0.327,0.268,0.553,0.613,0.452,0.180,0.247,0.089,0.046,0.004,0.322,0.302,0.009,0.138,0.098,0.125,0.039,0.048,0.134,0.111,0.095,0.023,0.074,0.098,0.275,0.031,0.374
0.017,0.035,0.306,0.129,0.109,0.149,0.502,0.633,0.510,0.443,0.577,0.333,0.012,0.192,0.013,0.177,0.236,0.459,0.741,0.457,0.115,0.102,0.115,0.405,0.037,0.131,0.000,0.456,0.174,0.110,0.369,0.072,0.085,0.382,0.064,0.778,0.166,0.137,0.083,0.006,0.032,0.128,0.085,0.081,0.135,0.119,0.329,0.226,0.219,0.029,0.069,0.173,0.308,0.075,0.119,0.096,0.296,0.235,0.066,0.046,0.325,0.066,0.139,0.171,0.189,0.067,0.012,0.080,0.235,0.090,0.254,0.293,0.459,0.577,0.388,0.228,0.253,0.245,0.235,0.058,0.065,0.326,0.041,0.123,0.022,0.411,0.327,0.335,0.188,0.031,0.123,0.102,0.453,0.204,0.361,0.178,0.319
0.348,0.206,0.405,0.024,0.365,0.399,0.559,0.273,0.006,0.176,0.110,0.365,0.586,0.760,0.608,0.452,0.792,0.161,1.369,0.903,0.590,0.388,0.290,0.221,0.043,0.304,0.456,0.000,0.038,0.544,0.208,0.730,1.481,1.443,0.764,1.365,0.626,0.492,0.226,0.102,0.019,0.164,0.216,0.293,0.420,0.335,0.659,0.507,0.372,0.172,0.331,0.463,0.583,0.446,0.154,0.839,0.160,0.031,0.525,0.139,0.222,1.087,0.497,0.874,0.658,0.551,0.161,0.171,0.177,0.134,0.469,0.481,0.832,0.952,0.618,0.279,0.269,0.164,0.089,0.240,0.735,0.939,0.767,0.929,0.647,0.020,0.256,0.155,0.367,0.474,0.306,0.266,0.204,0.173,0.496,0.442,0.691
0.325,0.528,0.218,0.549,0.754,1.050,0.978,1.052,0.628,0.699,0.915,0.507,0.355,0.291,0.448,0.530,0.028,0.651,0.730,0.348,0.070,0.123,0.017,0.386,0.366,0.155,0.174,0.038,0.000,0.154,0.237,0.287,0.497,0.225,0.370,0.236,0.119,0.037,0.005,0.014,0.055,0.201,0.043,0.038,0.026,0.043,0.076,0.010,0.113,0.112,0.012,0.054,0.018,0.104,0.199,0.436,0.155,0.004,0.044,0.362,0.205,0.645,0.045,0.174,0.702,0.491,0.171,0.206,0.202,0.042,0.238,0.105,0.332,0.349,0.219,0.006,0.049,0.056,0.057,0.023,0.227,0.129,0.086,0.064,0.046,0.316,0.124,0.045,0.178,0.090,0.002,0.104,0.047,0.062,0.007,0.309,0.057
0.480,0.175,0.090,0.322,0.580,0.534,0.547,0.566,0.341,0.306,0.549,0.154,0.028,0.149,0.068,0.184,0.263,0.407,0.866,0.517,0.218,0.091,0.023,0.331,0.153,0.050,0.110,0.544,0.154,0.000,0.266,0.231,0.864,0.637,0.045,0.543,0.017,0.044,0.037,0.131,0.123,0.269,0.013,0.044,0.013,0.013,0.187,0.077,0.134,0.125,0.010,0.085,0.214,0.009,0.099,0.414,0.099,0.017,0.328,0.394,0.430,0.287,0.146,0.053,0.253,0.228,0.009,0.069,0.103,0.105,0.331,0.301,0.481,0.581,0.401,0.200,0.227,0.173,0.175,0.058,0.143,0.183,0.052,0.120,0.011,0.532,0.300,0.258,0.060,0.019,0.064,0.045,0.305,0.178,0.278,0.062,0.271
1.390,0.929,1.016,1.070,1.005,0.949,0.700,0.755,0.422,0.438,0.636,0.183,0.067,0.041,0.225,0.243,0.245,0.460,0.865,0.566,0.281,0.238,0.147,0.181,0.135,0.108,0.369,0.208,0.237,0.266,0.000,0.313,0.276,0.007,0.490,0.054,0.407,0.348,0.288,0.296,0.290,0.415,0.163,0.288,0.308,0.329,0.220,0.336,0.200,0.489,0.399,0.321,0.277,0.465,0.467,0.087,0.099,0.054,0.153,0.411,0.600,0.138,0.478,0.375,0.135,0.028,0.207,0.151,0.185,0.258,0.467,0.333,0.451,0.469,0.352,0.182,0.200,0.159,0.163,0.179,0.036,0.092,0.185,0.189,0.034,0.257,0.128,0.039,0.144,0.008,0.065,0.018,0.133,0.095,0.157,0.172,0.138
1.234,0.614,0.762,0.843,0.928,0.779,0.732,0.780,0.527,0.486,0.668,0.307,0.077,0.000,0.154,0.307,0.296,0.412,0.952,0.594,0.243,0.177,0.064,0.277,0.137,0.045,0.072,0.730,0.287,0.231,0.313,0.000,0.269,0.279,0.133,0.159,0.169,0.192,0.074,0.147,0.171,0.192,0.017,0.115,0.075,0.161,0.010,0.189,0.043,0.420,0.340,0.276,0.155,0.433,0.440,0.157,0.334,0.413,0.009,0.685,1.115,0.636,0.596,0.455,0.238,0.074,0.182,0.154,0.244,0.293,0.427,0.349,0.482,0.503,0.347,0.217,0.205,0.226,0.197,0.147,0.090,0.043,0.022,0.004,0.059,0.386,0.214,0.154,0.012,0.004,0.031,0.016,0.249,0.097,0.207,0.067,0.203
1.611,1.135,1.122,1.146,1.271,1.129,1.095,1.207,0.863,0.910,0.996,0.770,0.494,0.471,0.649,0.831,0.117,0.824,0.588,0.326,0.013,0.014,0.130,0.380,0.273,0.310,0.085,1.481,0.497,0.864,0.276,0.269,0.000,0.334,0.602,0.351,0.500,0.459,0.237,0.291,0.332,0.331,0.243,0.408,0.383,0.434,0.374,0.475,0.185,0.544,0.426,0.298,0.129,0.251,0.001,0.114,0.072,0.198,0.297,1.158,0.139,0.102,0.150,0.481,0.228,0.086,0.188,0.174,0.185,0.288,0.385,0.306,0.366,0.371,0.335,0.280,0.288,0.305,0.264,0.315,0.410,0.387,0.397,0.198,0.083,0.183,0.238,0.174,0.171,0.237,0.137,0.195,0.277,0.125,0.134,0.231,0.053
1.333,0.780,0.806,0.822,0.983,0.790,0.917,1.063,0.875,0.863,0.945,0.802,0.438,0.398,0.520,0.788,0.075,0.777,0.585,0.303,0.084,0.170,0.261,0.490,0.245,0.303,0.382,1.443,0.225,0.637,0.007,0.279,0.334,0.000,0.029,0.209,0.204,0.274,0.005,0.140,0.184,0.103,0.088,0.214,0.138,0.221,0.113,0.262,0.020,0.404,0.293,0.164,0.113,0.103,0.034,0.107,0.251,0.133,0.101,0.971,0.492,0.368,0.205,0.454,0.563,0.203,0.150,0.142,0.257,0.269,0.283,0.287,0.337,0.375,0.301,0.292,0.276,0.354,0.296,0.260,0.544,0.345,0.251,0.040,0.077,0.303,0.341,0.388,0.365,0.271,0.075,0.217,0.415,0.141,0.181,0.105,0.086
0.539,0.115,0.059,0.115,0.298,0.107,0.349,0.513,0.474,0.379,0.469,0.273,0.099,0.256,0.067,0.134,0.375,0.349,0.872,0.615,0.223,0.015,0.018,0.232,0.135,0.224,0.064,0.764,0.370,0.045,0.490,0.133,0.602,0.029,0.000,0.304,0.156,0.232,0.072,0.180,0.178,0.106,0.007,0.073,0.022,0.122,0.069,0.144,0.065,0.458,0.404,0.328,0.070,0.381,0.434,0.399,0.634,0.523,0.268,0.331,0.900,0.650,0.661,0.684,0.891,0.533,0.409,0.321,0.592,0.418,0.422,0.465,0.517,0.596,0.425,0.388,0.353,0.479,0.454,0.320,0.538,0.256,0.111,0.024,0.086,0.504,0.512,0.557,0.436,0.215,0.130,0.260,0.657,0.293,0.432,0.237,0.335
1.005,0.801,0.623,0.729,0.948,0.844,1.169,1.365,1.316,1.185,1.071,0.969,0.468,0.269,0.468,0.613,0.068,0.856,0.341,0.225,0.230,0.482,0.509,0.615,0.381,0.403,0.778,1.365,0.236,0.543,0.054,0.159,0.351,0.209,0.304,0.000,0.205,0.123,0.092,0.115,0.002,0.202,0.202,0.051,0.019,0.228,0.267,0.461,0.180,0.636,0.571,0.388,0.155,0.295,0.184,0.338,0.447,0.176,0.187,0.598,0.305,0.255,0.189,0.471,0.868,0.534,0.349,0.310,0.516,0.310,0.182,0.164,0.083,0.075,0.010,0.086,0.014,0.173,0.028,0.045,0.315,0.157,0.325,0.464,0.474,0.243,0.225,0.133,0.119,0.286,0.484,0.242,0.054,0.261,0.117,0.354,0.200
0.212,0.063,0.160,0.100,0.083,0.039,0.300,0.603,0.712,0.683,0.667,0.748,0.218,0.046,0.194,0.466,0.014,0.670,0.410,0.243,0.170,0.484,0.418,0.442,0.150,0.004,0.166,0.626,0.119,0.017,0.407,0.169,0.500,0.204,0.156,0.205,0.000,0.157,0.160,0.019,0.064,0.092,0.018,0.011,0.098,0.031,0.219,0.084,0.150,0.191,0.133,0.029,0.234,0.014,0.115,0.284,0.566,0.375,0.289,0.183,0.475,0.304,0.245,0.271,0.998,0.661,0.307,0.175,0.563,0.247,0.143,0.315,0.321,0.443,0.341,0.409,0.406,0.592,0.559,0.506,1.098,0.485,0.346,0.107,0.146,0.419,0.486,0.607,0.633,0.420,0.346,0.497,0.792,0.341,0.428,0.251,0.243
0.092,0.068,0.230,0.168,0.000,0.081,0.264,0.645,0.880,0.873,0.799,0.928,0.374,0.122,0.338,0.526,0.190,0.886,0.047,0.019,0.431,0.860,0.717,0.605,0.035,0.111,0.137,0.492,0.037,0.044,0.348,0.192,0.459,0.274,0.232,0.123,0.157,0.000,0.243,0.153,0.101,0.212,0.123,0.041,0.032,0.092,0.117,0.099,0.146,0.090,0.060,0.045,0.208,0.017,0.086,0.237,0.473,0.267,0.288,0.118,0.330,0.196,0.136,0.111,0.751,0.525,0.210,0.039,0.487,0.035,0.106,0.089,0.026,0.179,0.116,0.221,0.231,0.431,0.407,0.376,0.895,0.277,0.314,0.096,0.118,0.288,0.360,0.475,0.527,0.332,0.296,0.414,0.641,0.174,0.220,0.074,0.020
0.186,0.092,0.411,0.329,0.176,0.300,0.028,0.203,0.354,0.415,0.258,0.617,0.014,0.211,0.012,0.233,0.029,0.548,0.209,0.174,0.191,0.702,0.461,0.142,0.476,0.073,0.083,0.226,0.005,0.037,0.288,0.074,0.237,0.005,0.072,0.092,0.160,0.243,0.000,0.174,0.312,0.139,0.254,0.097,0.073,0.251,0.407,0.480,0.207,0.191,0.214,0.271,0.405,0.257,0.074,0.031,0.368,0.171,0.157,0.061,0.121,0.039,0.045,0.177,0.628,0.493,0.279,0.109,0.794,0.220,0.125,0.530,0.498,0.713,0.677,0.826,0.862,1.147,0.943,0.610,0.622,0.075,0.180,0.026,0.051,0.266,0.324,0.472,0.540,0.343,0.406,0.590,0.901,0.663,0.817,0.694,0.577
0.309,0.175,0.528,0.475,0.345,0.467,0.214,0.067,0.372,0.468,0.291,0.603,0.094,0.252,0.099,0.183,0.168,0.773,0.240,0.143,0.472,1.130,0.733,0.294,0.291,0.033,0.006,0.102,0.014,0.131,0.296,0.147,0.291,0.140,0.180,0.115,0.019,0.153,0.174,0.000,0.163,0.073,0.108,0.038,0.168,0.245,0.180,0.333,0.116,0.184,0.162,0.219,0.298,0.161,0.005,0.059,0.308,0.120,0.187,0.006,0.135,0.007,0.007,0.134,0.395,0.316,0.139,0.084,0.561,0.161,0.292,0.078,0.061,0.267,0.249,0.415,0.558,0.793,0.690,0.194,0.313,0.007,0.202,0.036,0.099,0.205,0.276,0.422,0.494,0.298,0.387,0.507,0.761,0.514,0.499,0.474,0.100
0.344,0.102,0.488,0.388,0.256,0.338,0.102,0.120,0.337,0.432,0.087,0.530,0.044,0.411,0.087,0.035,0.019,0.557,0.184,0.013,0.317,0.956,0.487,0.089,0.406,0.132,0.032,0.019,0.055,0.123,0.290,0.171,0.332,0.184,0.178,0.002,0.064,0.101,0.312,0.163,0.000,0.210,0.026,0.020,0.129,0.039,0.114,0.047,0.271,0.077,0.091,0.010,0.056,0.009,0.128,0.190,0.447,0.204,0.310,0.099,0.115,0.035,0.054,0.037,0.571,0.523,0.404,0.266,0.932,0.157,0.104,0.288,0.039,0.260,0.267,0.597,0.513,0.827,0.393,0.136,0.194,0.031,0.109,0.035,0.002,0.072,0.113,0.183,0.227,0.057,0.190,0.229,0.412,0.222,0.412,0.456,0.193
0.664,0.519,0.831,0.780,0.659,0.869,0.650,0.563,0.303,0.273,0.555,0.104,0.551,0.897,0.515,0.437,0.261,0.201,0.018,0.152,0.083,0.818,0.301,0.162,0.613,0.324,0.128,0.164,0.201,0.269,0.415,0.192,0.331,0.103,0.106,0.202,0.092,0.212,0.139,0.073,0.210,0.000,0.052,0.563,0.158,0.452,0.421,0.511,0.052,0.211,0.132,0.144,0.239,0.085,0.136,0.150,0.456,0.279,0.281,0.151,0.278,0.088,0.122,0.056,0.530,0.467,0.312,0.111,0.885,0.043,0.141,0.434,0.243,0.725,0.714,1.058,1.199,1.099,0.755,0.179,0.216,0.054,0.109,0.024,0.146,0.272,0.315,0.514,0.562,0.273,0.404,0.531,0.929,0.853,0.960,1.223,0.634
0.156,0.065,0.391,0.363,0.255,0.438,0.210,0.010,0.322,0.343,0.048,0.357,0.118,0.493,0.079,0.065,0.002,0.589,0.215,0.004,0.311,1.000,0.575,0.135,0.264,0.034,0.085,0.216,0.043,0.013,0.163,0.017,0.243,0.088,0.007,0.202,0.018,0.123,0.254,0.108,0.026,0.052,0.000,0.008,0.224,0.024,0.020,0.071,0.137,0.066,0.047,0.067,0.190,0.083,0.044,0.081,0.295,0.070,0.139,0.145,0.118,0.007,0.008,0.058,0.466,0.438,0.332,0.189,0.825,0.093,0.132,0.221,0.094,0.195,0.185,0.491,0.457,0.661,0.422,0.004,0.113,0.138,0.024,0.145,0.096,0.046,0.031,0.199,0.283,0.042,0.112,0.246,0.550,0.308,0.360,0.488,0.032
0.087,0.054,0.359,0.324,0.194,0.368,0.100,0.164,0.443,0.483,0.220,0.614,0.044,0.266,0.014,0.154,0.044,0.632,0.137,0.006,0.366,0.960,0.580,0.133,0.323,0.050,0.081,0.293,0.038,0.044,0.288,0.115,0.408,0.214,0.073,0.051,0.011,0.041,0.097,0.038,0.020,0.563,0.008,0.000,0.131,0.023,0.054,0.040,0.131,0.120,0.114,0.013,0.146,0.026,0.089,0.240,0.482,0.239,0.278,0.102,0.260,0.149,0.104,0.072,0.759,0.637,0.419,0.305,0.908,0.226,0.120,0.275,0.008,0.231,0.223,0.594,0.521,0.835,0.578,0.259,0.546,0.104,0.135,0.022,0.021,0.129,0.213,0.389,0.497,0.251,0.236,0.431,0.690,0.358,0.424,0.465,0.132
0.004,0.076,0.331,0.320,0.181,0.389,0.101,0.178,0.435,0.459,0.307,0.641,0.077,0.163,0.067,0.300,0.055,0.649,0.049,0.056,0.317,0.855,0.575,0.271,0.325,0.017,0.135,0.420,0.026,0.013,0.308,0.075,0.383,0.138,0.022,0.019,0.098,0.032,0.073,0.168,0.129,0.158,0.224,0.131,0.000,0.192,0.318,0.277,0.129,0.020,0.043,0.130,0.344,0.152,0.015,0.160,0.434,0.227,0.191,0.204,0.303,0.140,0.075,0.034,0.780,0.602,0.329,0.194,0.788,0.209,0.038,0.366,0.214,0.460,0.438,0.706,0.712,0.984,0.846,0.518,0.921,0.238,0.227,0.022,0.090,0.284,0.391,0.629,0.764,0.510,0.423,0.726,1.013,0.621,0.622,0.586,0.307
0.033,0.057,0.266,0.173,0.012,0.106,0.185,0.464,0.631,0.706,0.482,0.941,0.263,0.038,0.143,0.412,0.072,0.664,0.039,0.051,0.375,0.798,0.541,0.117,0.321,0.012,0.119,0.335,0.043,0.013,0.329,0.161,0.434,0.221,0.122,0.228,0.031,0.092,0.251,0.245,0.039,0.452,0.024,0.023,0.192,0.000,0.084,0.045,0.141,0.159,0.139,0.044,0.114,0.035,0.070,0.299,0.593,0.328,0.364,0.023,0.229,0.154,0.086,0.066,0.946,0.751,0.468,0.417,0.945,0.393,0.010,0.361,0.237,0.338,0.327,0.608,0.521,0.832,0.539,0.380,0.666,0.181,0.192,0.004,0.033,0.201,0.252,0.360,0.435,0.234,0.231,0.380,0.587,0.275,0.425,0.356,0.274
0.300,0.259,0.000,0.072,0.241,0.107,0.406,0.672,0.779,0.821,0.628,1.067,0.375,0.245,0.256,0.635,0.097,0.681,0.184,0.115,0.340,0.644,0.523,0.249,0.189,0.139,0.329,0.659,0.076,0.187,0.220,0.010,0.374,0.113,0.069,0.267,0.219,0.117,0.407,0.180,0.114,0.421,0.020,0.054,0.318,0.084,0.000,0.100,0.009,0.250,0.150,0.010,0.245,0.142,0.071,0.262,0.568,0.290,0.265,0.257,0.206,0.131,0.011,0.061,1.078,0.778,0.423,0.473,0.889,0.524,0.135,0.442,0.352,0.410,0.402,0.672,0.557,0.839,0.552,0.398,0.821,0.214,0.121,0.097,0.071,0.159,0.225,0.371,0.473,0.254,0.155,0.386,0.619,0.280,0.419,0.323,0.313
0.164,0.244,0.067,0.055,0.240,0.207,0.508,0.812,0.871,1.007,0.871,1.415,0.695,0.621,0.490,0.952,0.310,0.866,0.047,0.091,0.557,0.675,0.588,0.266,0.131,0.160,0.226,0.507,0.010,0.077,0.336,0.189,0.475,0.262,0.144,0.461,0.084,0.099,0.480,0.333,0.047,0.511,0.071,0.040,0.277,0.045,0.100,0.000,0.190,0.132,0.107,0.036,0.126,0.087,0.022,0.379,0.696,0.405,0.445,0.026,0.201,0.182,0.035,0.067,1.115,0.730,0.266,0.352,0.639,0.377,0.047,0.219,0.235,0.236,0.237,0.455,0.389,0.610,0.369,0.350,0.747,0.281,0.256,0.050,0.052,0.265,0.295,0.361,0.429,0.257,0.199,0.328,0.452,0.140,0.262,0.119,0.204
0.049,0.249,0.097,0.063,0.244,0.242,0.504,0.731,0.680,0.813,0.659,1.176,0.439,0.382,0.261,0.702,0.055,0.595,0.403,0.258,0.190,0.251,0.266,0.007,0.262,0.106,0.219,0.372,0.113,0.134,0.200,0.043,0.185,0.020,0.065,0.180,0.150,0.146,0.207,0.116,0.271,0.052,0.137,0.131,0.129,0.141,0.009,0.190,0.000,0.047,0.173,0.213,0.309,0.310,0.179,0.072,0.463,0.200,0.224,0.032,0.071,0.124,0.175,0.247,0.845,0.586,0.354,0.572,0.876,0.685,0.435,0.599,0.699,0.650,0.629,0.710,0.633,0.772,0.471,0.388,0.523,0.095,0.137,0.094,0.072,0.165,0.182,0.225,0.276,0.156,0.195,0.305,0.453,0.288,0.504,0.346,0.581
0.089,0.161,0.216,0.032,0.160,0.261,0.529,0.856,0.797,1.061,1.050,1.661,0.981,1.026,0.730,1.301,0.496,1.015,0.091,0.181,0.606,0.375,0.401,0.104,0.177,0.066,0.029,0.172,0.112,0.125,0.489,0.420,0.544,0.404,0.458,0.636,0.191,0.090,0.191,0.184,0.077,0.211,0.066,0.120,0.020,0.159,0.250,0.132,0.047,0.000,0.101,0.127,0.101,0.001,0.064,0.440,0.781,0.497,0.613,0.312,0.157,0.193,0.075,0.070,1.076,0.636,0.099,0.145,0.186,0.221,0.008,0.132,0.322,0.262,0.274,0.353,0.380,0.471,0.320,0.438,0.695,0.396,0.459,0.257,0.235,0.436,0.427,0.391,0.418,0.332,0.353,0.371,0.380,0.159,0.252,0.009,0.254
0.105,0.319,0.034,0.159,0.358,0.483,0.738,1.051,0.909,1.150,1.190,1.641,1.014,1.129,0.824,1.415,0.461,1.014,0.301,0.041,0.465,0.178,0.343,0.274,0.007,0.212,0.069,0.331,0.012,0.010,0.399,0.340,0.426,0.293,0.404,0.571,0.133,0.060,0.214,0.162,0.091,0.132,0.047,0.114,0.043,0.139,0.150,0.107,0.173,0.101,0.000,0.044,0.014,0.105,0.053,0.347,0.709,0.428,0.524,0.215,0.064,0.097,0.027,0.024,1.082,0.453,0.116,0.023,0.025,0.191,0.131,0.160,0.385,0.311,0.298,0.311,0.339,0.389,0.255,0.372,0.607,0.332,0.394,0.191,0.160,0.389,0.366,0.313,0.326,0.263,0.272,0.289,0.307,0.108,0.201,0.082,0.236
0.237,0.442,0.104,0.323,0.535,0.694,0.943,1.232,1.027,1.219,1.283,1.526,0.951,1.044,0.800,1.303,0.340,0.965,0.463,0.089,0.343,0.093,0.317,0.443,0.193,0.353,0.173,0.463,0.054,0.085,0.321,0.276,0.298,0.164,0.328,0.388,0.029,0.045,0.271,0.219,0.010,0.144,0.067,0.013,0.130,0.044,0.010,0.036,0.213,0.127,0.044,0.000,0.043,0.093,0.055,0.296,0.684,0.402,0.482,0.171,0.014,0.018,0.086,0.137,1.120,0.135,0.240,0.118,0.121,0.119,0.158,0.116,0.356,0.279,0.227,0.178,0.202,0.221,0.106,0.210,0.394,0.173,0.260,0.088,0.056,0.303,0.249,0.171,0.152,0.105,0.121,0.118,0.154,0.023,0.084,0.216,0.148
0.364,0.492,0.241,0.478,0.695,0.816,1.028,1.216,0.946,1.047,1.113,1.244,0.705,0.841,0.534,1.080,0.010,0.633,0.858,0.382,0.074,0.188,0.098,0.358,0.188,0.281,0.308,0.583,0.018,0.214,0.277,0.155,0.129,0.113,0.070,0.155,0.234,0.208,0.405,0.298,0.056,0.239,0.190,0.146,0.344,0.114,0.245,0.126,0.309,0.101,0.014,0.043,0.000,0.085,0.030,0.371,0.895,0.585,0.520,0.144,0.084,0.030,0.058,0.144,1.124,0.050,0.177,0.024,0.034,0.245,0.288,0.223,0.516,0.408,0.286,0.201,0.187,0.219,0.080,0.113,0.273,0.009,0.055,0.072,0.067,0.266,0.161,0.093,0.042,0.032,0.030,0.001,0.121,0.051,0.127,0.141,0.277
0.342,0.426,0.187,0.415,0.623,0.808,0.968,1.182,0.873,1.029,1.202,1.223,0.836,1.011,0.786,1.293,0.248,0.846,0.693,0.188,0.178,0.106,0.142,0.434,0.260,0.289,0.075,0.446,0.104,0.009,0.465,0.433,0.251,0.103,0.381,0.295,0.014,0.017,0.257,0.161,0.009,0.085,0.083,0.026,0.152,0.035,0.142,0.087,0.310,0.001,0.105,0.093,0.085,0.000,0.016,0.456,0.958,0.682,0.668,0.337,0.211,0.171,0.065,0.020,0.530,0.255,0.291,0.227,0.314,0.022,0.167,0.095,0.387,0.334,0.237,0.121,0.169,0.146,0.090,0.175,0.327,0.189,0.297,0.220,0.202,0.518,0.384,0.273,0.193,0.157,0.147,0.118,0.171,0.008,0.093,0.231,0.163
0.251,0.369,0.137,0.381,0.561,0.780,0.849,1.002,0.622,0.765,0.982,0.859,0.585,0.749,0.605,1.020,0.052,0.640,0.900,0.375,0.062,0.333,0.091,0.267,0.163,0.106,0.119,0.154,0.199,0.099,0.467,0.440,0.001,0.034,0.434,0.184,0.115,0.086,0.074,0.005,0.128,0.136,0.044,0.089,0.015,0.070,0.071,0.022,0.179,0.064,0.053,0.055,0.030,0.016,0.000,0.076,0.821,0.619,0.488,0.511,0.081,0.089,0.039,0.085,0.046,0.341,0.198,0.167,0.264,0.085,0.321,0.221,0.540,0.504,0.386,0.206,0.266,0.196,0.163,0.229,0.247,0.178,0.314,0.250,0.240,0.569,0.409,0.272,0.172,0.183,0.217,0.163,0.218,0.121,0.209,0.119,0.302
1.378,1.178,1.044,1.126,1.208,1.332,1.267,1.422,0.971,1.114,1.245,1.075,0.826,0.980,0.946,1.254,0.250,0.894,0.678,0.269,0.064,0.195,0.061,0.379,0.392,0.409,0.096,0.839,0.436,0.414,0.087,0.157,0.114,0.107,0.399,0.338,0.284,0.237,0.031,0.059,0.190,0.150,0.081,0.240,0.160,0.299,0.262,0.379,0.072,0.440,0.347,0.296,0.371,0.456,0.076,0.000,0.194,0.041,0.191,0.447,0.307,0.164,0.094,0.228,0.014,0.196,0.045,0.020,0.167,0.186,0.341,0.169,0.359,0.268,0.230,0.123,0.146,0.116,0.054,0.180,0.223,0.207,0.252,0.125,0.042,0.187,0.122,0.034,0.058,0.051,0.015,0.012,0.001,0.069,0.031,0.450,0.007
1.286,1.302,1.043,1.124,1.110,1.343,1.125,1.250,0.685,0.851,0.967,0.672,0.534,0.676,0.716,0.867,0.084,0.571,1.002,0.610,0.322,0.638,0.362,0.008,0.152,0.036,0.296,0.160,0.155,0.099,0.099,0.334,0.072,0.251,0.634,0.447,0.566,0.473,0.368,0.308,0.447,0.456,0.295,0.482,0.434,0.593,0.568,0.696,0.463,0.781,0.709,0.684,0.895,0.958,0.821,0.194,0.000,0.265,0.392,0.250,0.744,0.142,0.269,0.453,0.076,0.008,0.257,0.309,0.046,0.443,0.670,0.397,0.601,0.453,0.418,0.258,0.279,0.215,0.160,0.332,0.192,0.286,0.341,0.201,0.026,0.088,0.049,0.207,0.210,0.032,0.102,0.051,0.019,0.031,0.092,0.382,0.182
1.253,1.237,1.022,1.103,1.060,1.347,1.093,1.206,0.701,0.836,1.027,0.614,0.550,0.620,0.715,0.769,0.007,0.651,0.845,0.438,0.171,0.416,0.175,0.202,0.330,0.110,0.235,0.031,0.004,0.017,0.054,0.413,0.198,0.133,0.523,0.176,0.375,0.267,0.171,0.120,0.204,0.279,0.070,0.239,0.227,0.328,0.290,0.405,0.200,0.497,0.428,0.402,0.585,0.682,0.619,0.041,0.265,0.000,0.414,0.906,0.517,0.084,0.248,0.262,0.411,0.262,0.024,0.038,0.184,0.160,0.420,0.152,0.362,0.252,0.186,0.008,0.031,0.051,0.064,0.095,0.081,0.086,0.199,0.174,0.003,0.100,0.018,0.297,0.356,0.117,0.041,0.139,0.206,0.152,0.108,0.558,0.034
1.556,1.140,1.156,1.178,1.164,1.207,1.043,1.093,0.641,0.688,0.839,0.523,0.318,0.411,0.407,0.634,0.264,0.397,1.137,0.687,0.341,0.526,0.266,0.125,0.164,0.048,0.066,0.525,0.044,0.328,0.153,0.009,0.297,0.101,0.268,0.187,0.289,0.288,0.157,0.187,0.310,0.281,0.139,0.278,0.191,0.364,0.265,0.445,0.224,0.613,0.524,0.482,0.520,0.668,0.488,0.191,0.392,0.414,0.000,0.588,0.068,0.122,0.334,0.414,0.137,0.014,0.195,0.255,0.130,0.432,0.610,0.422,0.633,0.536,0.429,0.278,0.267,0.250,0.178,0.240,0.164,0.149,0.126,0.017,0.145,0.133,0.044,0.111,0.157,0.023,0.018,0.006,0.087,0.051,0.163,0.216,0.260
0.868,0.585,0.765,0.982,1.000,0.984,0.809,0.656,0.274,0.141,0.372,0.161,0.340,0.402,0.395,0.263,0.857,0.190,1.576,1.030,0.667,0.667,0.431,0.087,0.099,0.203,0.046,0.139,0.362,0.394,0.411,0.685,1.158,0.971,0.331,0.598,0.183,0.118,0.061,0.006,0.099,0.151,0.145,0.102,0.204,0.023,0.257,0.026,0.032,0.312,0.215,0.171,0.144,0.337,0.511,0.447,0.250,0.906,0.588,0.000,0.503,0.488,0.265,0.017,0.161,0.178,0.094,0.132,0.210,0.372,0.639,0.491,0.804,0.767,0.494,0.217,0.175,0.133,0.052,0.052,0.369,0.421,0.462,0.570,0.583,0.080,0.302,0.385,0.529,0.446,0.329,0.294,0.011,0.002,0.260,0.051,0.489
1.160,0.936,0.697,0.737,0.780,1.110,0.944,1.203,0.812,1.037,1.297,0.971,0.921,0.969,1.183,1.269,0.588,1.232,0.213,0.101,0.313,0.144,0.267,0.538,0.504,0.379,0.325,0.222,0.205,0.430,0.600,1.115,0.139,0.492,0.900,0.305,0.475,0.330,0.121,0.135,0.115,0.278,0.118,0.260,0.303,0.229,0.206,0.201,0.071,0.157,0.064,0.014,0.084,0.211,0.081,0.307,0.744,0.517,0.068,0.503,0.000,0.027,0.099,0.127,0.716,0.498,0.246,0.310,0.478,0.216,0.034,0.125,0.014,0.033,0.031,0.118,0.004,0.116,0.048,0.125,0.108,0.327,0.599,0.724,0.632,0.711,0.524,0.270,0.155,0.295,0.277,0.114,0.013,0.064,0.177,0.627,0.284
1.298,1.062,0.911,1.008,1.153,1.304,1.268,1.471,1.081,1.231,1.398,1.164,0.951,0.995,1.105,1.298,0.513,1.194,0.288,0.044,0.347,0.210,0.371,0.648,0.590,0.591,0.066,1.087,0.645,0.287,0.138,0.636,0.102,0.368,0.650,0.255,0.304,0.196,0.039,0.007,0.035,0.088,0.007,0.149,0.140,0.154,0.131,0.182,0.124,0.193,0.097,0.018,0.030,0.171,0.089,0.164,0.142,0.084,0.122,0.488,0.027,0.000,0.098,0.121,0.387,0.420,0.239,0.248,0.358,0.125,0.044,0.086,0.047,0.037,0.015,0.088,0.025,0.077,0.076,0.054,0.129,0.212,0.385,0.380,0.218,0.388,0.289,0.120,0.050,0.129,0.066,0.001,0.044,0.154,0.197,0.605,0.260
0.439,0.521,0.222,0.451,0.666,0.933,1.026,1.248,0.879,1.040,1.232,1.036,0.780,0.819,0.866,1.108,0.341,1.003,0.466,0.084,0.218,0.069,0.229,0.529,0.417,0.406,0.139,0.497,0.045,0.146,0.478,0.596,0.150,0.205,0.661,0.189,0.245,0.136,0.045,0.007,0.054,0.122,0.008,0.104,0.075,0.086,0.011,0.035,0.175,0.075,0.027,0.086,0.058,0.065,0.039,0.094,0.269,0.248,0.334,0.265,0.099,0.098,0.000,0.069,0.423,0.475,0.263,0.279,0.337,0.107,0.110,0.009,0.220,0.228,0.161,0.013,0.092,0.016,0.020,0.124,0.155,0.188,0.399,0.364,0.301,0.538,0.406,0.242,0.143,0.176,0.194,0.096,0.094,0.019,0.013,0.375,0.030
0.504,0.567,0.248,0.436,0.674,0.883,1.141,1.467,1.225,1.391,1.505,1.482,1.061,1.074,1.066,1.377,0.581,1.269,0.165,0.152,0.522,0.416,0.575,0.790,0.558,0.739,0.171,0.874,0.174,0.053,0.375,0.455,0.481,0.454,0.684,0.471,0.271,0.111,0.177,0.134,0.037,0.056,0.058,0.072,0.034,0.066,0.061,0.067,0.247,0.070,0.024,0.137,0.144,0.020,0.085,0.228,0.453,0.262,0.414,0.017,0.127,0.121,0.069,0.000,0.377,0.385,0.342,0.325,0.332,0.166,0.057,0.110,0.042,0.048,0.026,0.035,0.031,0.010,0.016,0.122,0.349,0.291,0.455,0.320,0.224,0.424,0.376,0.263,0.219,0.203,0.169,0.109,0.093,0.108,0.123,0.476,0.187
0.900,1.238,0.727,0.894,1.039,1.384,1.463,1.889,1.371,1.744,1.673,1.683,1.301,1.367,1.473,1.597,0.690,1.428,0.127,0.019,0.288,0.055,0.149,0.207,0.442,0.937,0.189,0.658,0.702,0.253,0.135,0.238,0.228,0.563,0.891,0.868,0.998,0.751,0.628,0.395,0.571,0.530,0.466,0.759,0.780,0.946,1.078,1.115,0.845,1.076,1.082,1.120,1.124,0.530,0.046,0.014,0.076,0.411,0.137,0.161,0.716,0.387,0.423,0.377,0.000,0.158,0.388,0.363,0.013,0.352,0.485,0.211,0.254,0.112,0.252,0.214,0.260,0.204,0.121,0.460,0.394,0.477,0.553,0.204,0.073,0.082,0.011,0.203,0.111,0.130,0.202,0.141,0.101,0.065,0.129,0.682,0.177
0.462,0.752,0.298,0.462,0.632,0.841,1.057,1.458,1.193,1.501,1.468,1.641,1.084,1.066,1.103,1.343,0.596,1.279,0.100,0.028,0.382,0.213,0.393,0.387,0.295,0.773,0.067,0.551,0.491,0.228,0.028,0.074,0.086,0.203,0.533,0.534,0.661,0.525,0.493,0.316,0.523,0.467,0.438,0.637,0.602,0.751,0.778,0.730,0.586,0.636,0.453,0.135,0.050,0.255,0.341,0.196,0.008,0.262,0.014,0.178,0.498,0.420,0.475,0.385,0.158,0.000,0.212,0.158,0.076,0.260,0.390,0.283,0.367,0.315,0.407,0.376,0.424,0.387,0.270,0.486,0.446,0.325,0.418,0.065,0.070,0.037,0.110,0.019,0.096,0.198,0.270,0.266,0.156,0.118,0.116,0.301,0.072
0.032,0.305,0.132,0.047,0.218,0.355,0.590,0.928,0.816,1.131,1.134,1.574,0.887,0.811,0.751,1.085,0.471,1.084,0.095,0.059,0.453,0.371,0.465,0.143,0.127,0.221,0.012,0.161,0.171,0.009,0.207,0.182,0.188,0.150,0.409,0.349,0.307,0.210,0.279,0.139,0.404,0.312,0.332,0.419,0.329,0.468,0.423,0.266,0.354,0.099,0.116,0.240,0.177,0.291,0.198,0.045,0.257,0.024,0.195,0.094,0.246,0.239,0.263,0.342,0.388,0.212,0.000,0.077,0.186,0.178,0.296,0.320,0.480,0.456,0.497,0.468,0.519,0.511,0.357,0.459,0.444,0.229,0.364,0.092,0.053,0.209,0.239,0.193,0.238,0.239,0.341,0.339,0.316,0.238,0.328,0.025,0.325
0.027,0.391,0.070,0.130,0.300,0.454,0.678,1.004,0.905,1.258,1.214,1.880,1.136,1.048,0.865,1.216,0.620,1.197,0.153,0.276,0.740,0.547,0.567,0.032,0.017,0.262,0.080,0.171,0.206,0.069,0.151,0.154,0.174,0.142,0.321,0.310,0.175,0.039,0.109,0.084,0.266,0.111,0.189,0.305,0.194,0.417,0.473,0.352,0.572,0.145,0.023,0.118,0.024,0.227,0.167,0.020,0.309,0.038,0.255,0.132,0.310,0.248,0.279,0.325,0.363,0.158,0.077,0.000,0.184,0.216,0.215,0.179,0.350,0.246,0.333,0.328,0.344,0.319,0.122,0.251,0.285,0.106,0.243,0.002,0.047,0.074,0.090,0.019,0.066,0.071,0.176,0.156,0.076,0.016,0.101,0.159,0.174
0.249,0.263,0.259,0.088,0.038,0.211,0.338,0.631,0.403,0.928,0.883,1.922,1.326,1.301,1.147,1.476,1.048,1.487,0.533,0.581,0.787,0.017,0.118,0.722,0.383,0.047,0.235,0.177,0.202,0.103,0.185,0.244,0.185,0.257,0.592,0.516,0.563,0.487,0.794,0.561,0.932,0.885,0.825,0.908,0.788,0.945,0.889,0.639,0.876,0.186,0.025,0.121,0.034,0.314,0.264,0.167,0.046,0.184,0.130,0.210,0.478,0.358,0.337,0.332,0.013,0.076,0.186,0.184,0.000,0.572,0.873,0.657,0.798,0.659,0.874,0.820,0.874,0.740,0.534,0.653,0.508,0.387,0.547,0.220,0.146,0.221,0.296,0.215,0.311,0.408,0.563,0.544,0.371,0.480,0.524,0.178,0.593
0.335,0.218,0.294,0.068,0.090,0.271,0.472,0.779,0.725,1.124,0.985,1.805,1.073,0.760,0.680,0.808,0.562,1.173,0.541,0.506,1.027,0.839,0.377,0.337,0.162,0.031,0.090,0.134,0.042,0.105,0.258,0.293,0.288,0.269,0.418,0.310,0.247,0.035,0.220,0.161,0.157,0.043,0.093,0.226,0.209,0.393,0.524,0.377,0.685,0.221,0.191,0.119,0.245,0.022,0.085,0.186,0.443,0.160,0.432,0.372,0.216,0.125,0.107,0.166,0.352,0.260,0.178,0.216,0.572,0.000,0.019,0.101,0.094,0.036,0.095,0.079,0.133,0.067,0.055,0.150,0.131,0.068,0.246,0.049,0.006,0.054,0.053,0.068,0.045,0.023,0.151,0.053,0.100,0.137,0.067,0.283,0.003
0.796,0.197,0.687,0.435,0.271,0.136,0.068,0.246,0.219,0.456,0.089,0.799,0.107,0.292,0.202,0.179,0.161,0.356,0.122,0.087,0.231,0.308,0.135,0.659,0.482,0.327,0.254,0.469,0.238,0.331,0.467,0.427,0.385,0.283,0.422,0.182,0.143,0.106,0.125,0.292,0.104,0.141,0.132,0.120,0.038,0.010,0.135,0.047,0.435,0.008,0.131,0.158,0.288,0.167,0.321,0.341,0.670,0.420,0.610,0.639,0.034,0.044,0.110,0.057,0.485,0.390,0.296,0.215,0.873,0.019,0.000,0.026,0.362,0.197,0.132,0.015,0.086,0.039,0.027,0.097,0.032,0.003,0.210,0.098,0.119,0.188,0.139,0.027,0.009,0.054,0.188,0.045,0.010,0.063,0.163,0.136,0.396
0.751,0.138,0.662,0.457,0.332,0.213,0.064,0.104,0.087,0.386,0.122,0.550,0.048,0.446,0.047,0.238,0.084,0.612,0.667,0.203,0.337,0.649,0.006,0.639,0.460,0.268,0.293,0.481,0.105,0.301,0.333,0.349,0.306,0.287,0.465,0.164,0.315,0.089,0.530,0.078,0.288,0.434,0.221,0.275,0.366,0.361,0.442,0.219,0.599,0.132,0.160,0.116,0.223,0.095,0.221,0.169,0.397,0.152,0.422,0.491,0.125,0.086,0.009,0.110,0.211,0.283,0.320,0.179,0.657,0.101,0.026,0.000,0.053,0.044,0.220,0.067,0.181,0.006,0.013,0.128,0.044,0.014,0.248,0.091,0.081,0.062,0.067,0.048,0.047,0.024,0.247,0.092,0.059,0.004,0.120,0.098,0.185
1.123,0.352,0.898,0.628,0.504,0.335,0.218,0.161,0.232,0.101,0.894,0.533,0.890,1.436,0.843,1.251,0.657,0.208,0.170,0.475,0.544,0.120,0.529,0.885,0.585,0.553,0.459,0.832,0.332,0.481,0.451,0.482,0.366,0.337,0.517,0.083,0.321,0.026,0.498,0.061,0.039,0.243,0.094,0.008,0.214,0.237,0.352,0.235,0.699,0.322,0.385,0.356,0.516,0.387,0.540,0.359,0.601,0.362,0.633,0.804,0.014,0.047,0.220,0.042,0.254,0.367,0.480,0.350,0.798,0.094,0.362,0.053,0.000,0.259,0.274,0.596,0.323,0.462,0.286,0.037,0.331,0.117,0.149,0.082,0.084,0.014,0.044,0.260,0.342,0.284,0.097,0.183,0.373,0.294,0.088,0.044,0.198
1.270,0.544,1.076,0.862,0.770,0.661,0.591,0.628,0.685,0.612,1.323,1.000,1.049,1.568,0.825,1.269,0.485,0.091,0.377,0.255,0.387,0.113,0.420,0.812,0.665,0.613,0.577,0.952,0.349,0.581,0.469,0.503,0.371,0.375,0.596,0.075,0.443,0.179,0.713,0.267,0.260,0.725,0.195,0.231,0.460,0.338,0.410,0.236,0.650,0.262,0.311,0.279,0.408,0.334,0.504,0.268,0.453,0.252,0.536,0.767,0.033,0.037,0.228,0.048,0.112,0.315,0.456,0.246,0.659,0.036,0.197,0.044,0.259,0.000,0.014,0.460,0.133,0.349,0.112,0.062,0.310,0.037,0.258,0.183,0.193,0.081,0.057,0.127,0.200,0.123,0.283,0.004,0.202,0.021,0.155,0.435,0.301
0.939,0.375,0.863,0.707,0.616,0.602,0.495,0.470,0.401,0.309,0.932,0.534,0.767,1.272,0.637,0.966,0.368,0.068,0.388,0.182,0.161,0.450,0.124,0.632,0.585,0.452,0.388,0.618,0.219,0.401,0.352,0.347,0.335,0.301,0.425,0.010,0.341,0.116,0.677,0.249,0.267,0.714,0.185,0.223,0.438,0.327,0.402,0.237,0.629,0.274,0.298,0.227,0.286,0.237,0.386,0.230,0.418,0.186,0.429,0.494,0.031,0.015,0.161,0.026,0.252,0.407,0.497,0.333,0.874,0.095,0.132,0.220,0.274,0.014,0.000,0.262,0.063,0.122,0.033,0.023,0.260,0.089,0.148,0.054,0.063,0.036,0.026,0.131,0.165,0.161,0.187,0.015,0.098,0.009,0.202,0.540,0.111
0.499,0.019,0.522,0.404,0.319,0.296,0.170,0.020,0.154,0.388,0.167,0.250,0.104,0.621,0.022,0.309,0.085,0.665,0.695,0.145,0.287,0.873,0.267,0.390,0.369,0.180,0.228,0.279,0.006,0.200,0.182,0.217,0.280,0.292,0.388,0.086,0.409,0.221,0.826,0.415,0.597,1.058,0.491,0.594,0.706,0.608,0.672,0.455,0.710,0.353,0.311,0.178,0.201,0.121,0.206,0.123,0.258,0.008,0.278,0.217,0.118,0.088,0.013,0.035,0.214,0.376,0.468,0.328,0.820,0.079,0.015,0.067,0.596,0.460,0.262,0.000,0.055,0.025,0.043,0.057,0.150,0.036,0.168,0.002,0.043,0.158,0.096,0.178,0.143,0.114,0.155,0.019,0.139,0.113,0.092,0.026,0.465
0.489,0.100,0.565,0.477,0.403,0.441,0.317,0.138,0.069,0.221,0.253,0.004,0.308,0.811,0.177,0.437,0.086,0.533,0.390,0.055,0.123,0.790,0.250,0.306,0.410,0.247,0.253,0.269,0.049,0.227,0.200,0.205,0.288,0.276,0.353,0.014,0.406,0.231,0.862,0.558,0.513,1.199,0.457,0.521,0.712,0.521,0.557,0.389,0.633,0.380,0.339,0.202,0.187,0.169,0.266,0.146,0.279,0.031,0.267,0.175,0.004,0.025,0.092,0.031,0.260,0.424,0.519,0.344,0.874,0.133,0.086,0.181,0.323,0.133,0.063,0.055,0.000,0.078,0.028,0.017,0.237,0.088,0.119,0.021,0.046,0.162,0.105,0.157,0.146,0.161,0.131,0.014,0.057,0.086,0.046,0.155,0.330
0.295,0.128,0.386,0.282,0.197,0.139,0.011,0.369,0.614,0.910,0.466,0.663,0.236,0.287,0.303,0.049,0.254,0.979,0.603,0.183,0.434,1.028,0.505,0.206,0.272,0.089,0.245,0.164,0.056,0.173,0.159,0.226,0.305,0.354,0.479,0.173,0.592,0.431,1.147,0.793,0.827,1.099,0.661,0.835,0.984,0.832,0.839,0.610,0.772,0.471,0.389,0.221,0.219,0.146,0.196,0.116,0.215,0.051,0.250,0.133,0.116,0.077,0.016,0.010,0.204,0.387,0.511,0.319,0.740,0.067,0.039,0.006,0.462,0.349,0.122,0.025,0.078,0.000,0.041,0.164,0.082,0.054,0.264,0.047,0.026,0.147,0.067,0.155,0.108,0.048,0.205,0.069,0.153,0.213,0.376,0.434,0.677
0.242,0.076,0.402,0.325,0.238,0.214,0.036,0.403,0.802,0.907,0.588,0.573,0.198,0.273,0.297,0.107,0.219,0.959,0.369,0.111,0.382,0.961,0.597,0.133,0.152,0.046,0.235,0.089,0.057,0.175,0.163,0.197,0.264,0.296,0.454,0.028,0.559,0.407,0.943,0.690,0.393,0.755,0.422,0.578,0.846,0.539,0.552,0.369,0.471,0.320,0.255,0.106,0.080,0.090,0.163,0.054,0.160,0.064,0.178,0.052,0.048,0.076,0.020,0.016,0.121,0.270,0.357,0.122,0.534,0.055,0.027,0.013,0.286,0.112,0.033,0.043,0.028,0.041,0.000,0.097,0.189,0.001,0.259,0.051,0.000,0.088,0.010,0.050,0.021,0.004,0.254,0.114,0.017,0.150,0.221,0.311,0.481
0.027,0.199,0.204,0.110,0.024,0.026,0.329,0.766,1.078,0.960,0.724,0.664,0.190,0.192,0.222,0.178,0.044,0.809,0.028,0.119,0.245,0.742,0.546,0.342,0.039,0.004,0.058,0.240,0.023,0.058,0.179,0.147,0.315,0.260,0.320,0.045,0.506,0.376,0.610,0.194,0.136,0.179,0.004,0.259,0.518,0.380,0.398,0.350,0.388,0.438,0.372,0.210,0.113,0.175,0.229,0.180,0.332,0.095,0.240,0.052,0.125,0.054,0.124,0.122,0.460,0.486,0.459,0.251,0.653,0.150,0.097,0.128,0.037,0.062,0.023,0.057,0.017,0.164,0.097,0.000,0.083,0.107,0.109,0.068,0.101,0.088,0.047,0.042,0.043,0.150,0.005,0.076,0.137,0.199,0.043,0.200,0.225
0.656,0.700,0.313,0.367,0.503,0.562,0.926,1.402,1.569,1.383,1.118,0.930,0.533,0.160,0.633,0.513,0.312,1.144,0.198,0.063,0.432,0.838,0.692,0.558,0.428,0.322,0.065,0.735,0.227,0.143,0.036,0.090,0.410,0.544,0.538,0.315,1.098,0.895,0.622,0.313,0.194,0.216,0.113,0.546,0.921,0.666,0.821,0.747,0.523,0.695,0.607,0.394,0.273,0.327,0.247,0.223,0.192,0.081,0.164,0.369,0.108,0.129,0.155,0.349,0.394,0.446,0.444,0.285,0.508,0.131,0.032,0.044,0.331,0.310,0.260,0.150,0.237,0.082,0.189,0.083,0.000,0.299,0.308,0.049,0.251,0.412,0.320,0.339,0.292,0.315,0.470,0.478,0.331,0.564,0.493,0.738,0.677
0.631,0.480,0.229,0.279,0.463,0.402,0.778,1.101,1.204,1.069,0.981,0.826,0.415,0.134,0.474,0.512,0.187,0.967,0.082,0.044,0.347,0.714,0.631,0.661,0.368,0.302,0.326,0.939,0.129,0.183,0.092,0.043,0.387,0.345,0.256,0.157,0.485,0.277,0.075,0.007,0.031,0.054,0.138,0.104,0.238,0.181,0.214,0.281,0.095,0.396,0.332,0.173,0.009,0.189,0.178,0.207,0.286,0.086,0.149,0.421,0.327,0.212,0.188,0.291,0.477,0.325,0.229,0.106,0.387,0.068,0.003,0.014,0.117,0.037,0.089,0.036,0.088,0.054,0.001,0.107,0.299,0.000,0.128,0.104,0.166,0.080,0.007,0.097,0.105,0.080,0.298,0.133,0.153,0.227,0.167,0.367,0.348
0.633,0.264,0.141,0.121,0.254,0.048,0.309,0.586,0.684,0.573,0.588,0.374,0.042,0.218,0.136,0.188,0.123,0.632,0.426,0.334,0.032,0.403,0.310,0.398,0.070,0.009,0.041,0.767,0.086,0.052,0.185,0.022,0.397,0.251,0.111,0.325,0.346,0.314,0.180,0.202,0.109,0.109,0.024,0.135,0.227,0.192,0.121,0.256,0.137,0.459,0.394,0.260,0.055,0.297,0.314,0.252,0.341,0.199,0.126,0.462,0.599,0.385,0.399,0.455,0.553,0.418,0.364,0.243,0.547,0.246,0.210,0.248,0.149,0.258,0.148,0.168,0.119,0.264,0.259,0.109,0.308,0.128,0.000,0.104,0.109,0.076,0.205,0.381,0.339,0.087,0.115,0.087,0.477,0.077,0.143,0.034,0.052
0.873,0.343,0.345,0.373,0.562,0.379,0.555,0.739,0.724,0.642,0.770,0.454,0.196,0.012,0.295,0.361,0.016,0.729,0.443,0.247,0.104,0.373,0.350,0.555,0.301,0.138,0.123,0.929,0.064,0.120,0.189,0.004,0.198,0.040,0.024,0.464,0.107,0.096,0.026,0.036,0.035,0.024,0.145,0.022,0.022,0.004,0.097,0.050,0.094,0.257,0.191,0.088,0.072,0.220,0.250,0.125,0.201,0.174,0.017,0.570,0.724,0.380,0.364,0.320,0.204,0.065,0.092,0.002,0.220,0.049,0.098,0.091,0.082,0.183,0.054,0.002,0.021,0.047,0.051,0.068,0.049,0.104,0.104,0.000,0.011,0.345,0.347,0.389,0.184,0.006,0.171,0.079,0.233,0.052,0.004,0.210,0.143
0.937,0.337,0.404,0.431,0.542,0.378,0.419,0.592,0.563,0.503,0.690,0.282,0.121,0.098,0.262,0.259,0.045,0.686,0.464,0.269,0.041,0.299,0.274,0.506,0.313,0.098,0.022,0.647,0.046,0.011,0.034,0.059,0.083,0.077,0.086,0.474,0.146,0.118,0.051,0.099,0.002,0.146,0.096,0.021,0.090,0.033,0.071,0.052,0.072,0.235,0.160,0.056,0.067,0.202,0.240,0.042,0.026,0.003,0.145,0.583,0.632,0.218,0.301,0.224,0.073,0.070,0.053,0.047,0.146,0.006,0.119,0.081,0.084,0.193,0.063,0.043,0.046,0.026,0.000,0.101,0.251,0.166,0.109,0.011,0.000,0.393,0.212,0.249,0.013,0.080,0.161,0.135,0.130,0.057,0.029,0.243,0.159
0.545,0.183,0.028,0.028,0.014,0.230,0.166,0.429,0.417,0.387,0.578,0.060,0.006,0.300,0.166,0.007,0.147,0.616,0.457,0.337,0.066,0.198,0.133,0.333,0.221,0.125,0.411,0.020,0.316,0.532,0.257,0.386,0.183,0.303,0.504,0.243,0.419,0.288,0.266,0.205,0.072,0.272,0.046,0.129,0.284,0.201,0.159,0.265,0.165,0.436,0.389,0.303,0.266,0.518,0.569,0.187,0.088,0.100,0.133,0.080,0.711,0.388,0.538,0.424,0.082,0.037,0.209,0.074,0.221,0.054,0.188,0.062,0.014,0.081,0.036,0.158,0.162,0.147,0.088,0.088,0.412,0.080,0.076,0.345,0.393,0.000,0.139,0.337,0.499,0.257,0.164,0.272,0.111,0.175,0.145,0.412,0.283
0.562,0.245,0.050,0.037,0.022,0.016,0.101,0.461,0.522,0.486,0.602,0.181,0.056,0.255,0.243,0.108,0.032,0.734,0.283,0.234,0.045,0.377,0.264,0.383,0.214,0.039,0.327,0.256,0.124,0.300,0.128,0.214,0.238,0.341,0.512,0.225,0.486,0.360,0.324,0.276,0.113,0.315,0.031,0.213,0.391,0.252,0.225,0.295,0.182,0.427,0.366,0.249,0.161,0.384,0.409,0.122,0.049,0.018,0.044,0.302,0.524,0.289,0.406,0.376,0.011,0.110,0.239,0.090,0.296,0.053,0.139,0.067,0.044,0.057,0.026,0.096,0.105,0.067,0.010,0.047,0.320,0.007,0.205,0.347,0.212,0.139,0.000,0.016,0.250,0.113,0.083,0.160,0.041,0.108,0.115,0.355,0.316
0.519,0.255,0.005,0.221,0.309,0.272,0.228,0.261,0.440,0.484,0.599,0.182,0.147,0.205,0.421,0.181,0.185,0.937,0.050,0.024,0.194,0.567,0.383,0.411,0.263,0.048,0.335,0.155,0.045,0.258,0.039,0.154,0.174,0.388,0.557,0.133,0.607,0.475,0.472,0.422,0.183,0.514,0.199,0.389,0.629,0.360,0.371,0.361,0.225,0.391,0.313,0.171,0.093,0.273,0.272,0.034,0.207,0.297,0.111,0.385,0.270,0.120,0.242,0.263,0.203,0.019,0.193,0.019,0.215,0.068,0.027,0.048,0.260,0.127,0.131,0.178,0.157,0.155,0.050,0.042,0.339,0.097,0.381,0.389,0.249,0.337,0.016,0.000,0.153,0.166,0.155,0.046,0.025,0.102,0.239,0.495,0.540
0.617,0.390,0.130,0.061,0.121,0.221,0.161,0.331,0.571,0.597,0.612,0.287,0.194,0.182,0.468,0.233,0.260,1.016,0.206,0.055,0.286,0.726,0.498,0.439,0.267,0.134,0.188,0.367,0.178,0.060,0.144,0.012,0.171,0.365,0.436,0.119,0.633,0.527,0.540,0.494,0.227,0.562,0.283,0.497,0.764,0.435,0.473,0.429,0.276,0.418,0.326,0.152,0.042,0.193,0.172,0.058,0.210,0.356,0.157,0.529,0.155,0.050,0.143,0.219,0.111,0.096,0.238,0.066,0.311,0.045,0.009,0.047,0.342,0.200,0.165,0.143,0.146,0.108,0.021,0.043,0.292,0.105,0.339,0.184,0.013,0.499,0.250,0.153,0.000,0.301,0.127,0.005,0.018,0.112,0.272,0.494,0.618
0.426,0.199,0.031,0.149,0.117,0.298,0.103,0.350,0.664,0.606,0.578,0.348,0.128,0.246,0.306,0.177,0.149,0.901,0.098,0.002,0.290,0.789,0.560,0.490,0.213,0.111,0.031,0.474,0.090,0.019,0.008,0.004,0.237,0.271,0.215,0.286,0.420,0.332,0.343,0.298,0.057,0.273,0.042,0.251,0.510,0.234,0.254,0.257,0.156,0.332,0.263,0.105,0.032,0.157,0.183,0.051,0.032,0.117,0.023,0.446,0.295,0.129,0.176,0.203,0.130,0.198,0.239,0.071,0.408,0.023,0.054,0.024,0.284,0.123,0.161,0.114,0.161,0.048,0.004,0.150,0.315,0.080,0.087,0.006,0.080,0.257,0.113,0.166,0.301,0.000,0.207,0.130,0.211,0.140,0.185,0.304,0.490
0.190,0.045,0.211,0.272,0.224,0.449,0.267,0.139,0.396,0.311,0.307,0.072,0.169,0.516,0.010,0.086,0.148,0.576,0.269,0.297,0.004,0.488,0.294,0.290,0.026,0.095,0.123,0.306,0.002,0.064,0.065,0.031,0.137,0.075,0.130,0.484,0.346,0.296,0.406,0.387,0.190,0.404,0.112,0.236,0.423,0.231,0.155,0.199,0.195,0.353,0.272,0.121,0.030,0.147,0.217,0.015,0.102,0.041,0.018,0.329,0.277,0.066,0.194,0.169,0.202,0.270,0.341,0.176,0.563,0.151,0.188,0.247,0.097,0.283,0.187,0.155,0.131,0.205,0.254,0.005,0.470,0.298,0.115,0.171,0.161,0.164,0.083,0.155,0.127,0.207,0.000,0.077,0.602,0.176,0.188,0.078,0.070
0.155,0.158,0.185,0.231,0.186,0.335,0.172,0.274,0.619,0.564,0.429,0.269,0.015,0.389,0.191,0.036,0.075,0.810,0.103,0.062,0.213,0.760,0.490,0.326,0.048,0.023,0.102,0.266,0.104,0.045,0.018,0.016,0.195,0.217,0.260,0.242,0.497,0.414,0.590,0.507,0.229,0.531,0.246,0.431,0.726,0.380,0.386,0.328,0.305,0.371,0.289,0.118,0.001,0.118,0.163,0.012,0.051,0.139,0.006,0.294,0.114,0.001,0.096,0.109,0.141,0.266,0.339,0.156,0.544,0.053,0.045,0.092,0.183,0.004,0.015,0.019,0.014,0.069,0.114,0.076,0.478,0.133,0.087,0.079,0.135,0.272,0.160,0.046,0.005,0.130,0.077,0.000,0.381,0.032,0.069,0.168,0.379
0.205,0.041,0.452,0.476,0.470,0.479,0.445,0.157,0.563,0.693,0.509,0.290,0.151,0.318,0.386,0.086,0.272,1.024,0.397,0.124,0.313,0.807,0.467,0.189,0.015,0.074,0.453,0.204,0.047,0.305,0.133,0.249,0.277,0.415,0.657,0.054,0.792,0.641,0.901,0.761,0.412,0.929,0.550,0.690,1.013,0.587,0.619,0.452,0.453,0.380,0.307,0.154,0.121,0.171,0.218,0.001,0.019,0.206,0.087,0.011,0.013,0.044,0.094,0.093,0.101,0.156,0.316,0.076,0.371,0.100,0.010,0.059,0.373,0.202,0.098,0.139,0.057,0.153,0.017,0.137,0.331,0.153,0.477,0.233,0.130,0.111,0.041,0.025,0.018,0.211,0.602,0.381,0.000,0.003,0.304,0.528,0.655
0.389,0.108,0.544,0.512,0.458,0.538,0.439,0.191,0.161,0.294,0.075,0.043,0.159,0.639,0.027,0.217,0.070,0.740,0.326,0.040,0.232,0.872,0.461,0.114,0.143,0.098,0.204,0.173,0.062,0.178,0.095,0.097,0.125,0.141,0.293,0.261,0.341,0.174,0.663,0.514,0.222,0.853,0.308,0.358,0.621,0.275,0.280,0.140,0.288,0.159,0.108,0.023,0.051,0.008,0.121,0.069,0.031,0.152,0.051,0.002,0.064,0.154,0.019,0.108,0.065,0.118,0.238,0.016,0.480,0.137,0.063,0.004,0.294,0.021,0.009,0.113,0.086,0.213,0.150,0.199,0.564,0.227,0.077,0.052,0.057,0.175,0.108,0.102,0.112,0.140,0.176,0.032,0.003,0.000,0.075,0.003,0.418
0.640,0.117,0.641,0.509,0.440,0.372,0.303,0.143,0.092,0.254,0.178,0.142,0.305,0.829,0.094,0.429,0.056,0.622,0.267,0.095,0.022,0.597,0.126,0.310,0.378,0.275,0.361,0.496,0.007,0.278,0.157,0.207,0.134,0.181,0.432,0.117,0.428,0.220,0.817,0.499,0.412,0.960,0.360,0.424,0.622,0.425,0.419,0.262,0.504,0.252,0.201,0.084,0.127,0.093,0.209,0.031,0.092,0.108,0.163,0.260,0.177,0.197,0.013,0.123,0.129,0.116,0.328,0.101,0.524,0.067,0.163,0.120,0.088,0.155,0.202,0.092,0.046,0.376,0.221,0.043,0.493,0.167,0.143,0.004,0.029,0.145,0.115,0.239,0.272,0.185,0.188,0.069,0.304,0.075,0.000,0.116,0.295
0.618,0.034,0.513,0.379,0.336,0.236,0.253,0.296,0.448,0.190,0.610,0.574,0.434,0.948,0.053,0.550,0.090,0.626,0.570,0.063,0.005,0.523,0.104,0.211,0.090,0.031,0.178,0.442,0.309,0.062,0.172,0.067,0.231,0.105,0.237,0.354,0.251,0.074,0.694,0.474,0.456,1.223,0.488,0.465,0.586,0.356,0.323,0.119,0.346,0.009,0.082,0.216,0.141,0.231,0.119,0.450,0.382,0.558,0.216,0.051,0.627,0.605,0.375,0.476,0.682,0.301,0.025,0.159,0.178,0.283,0.136,0.098,0.044,0.435,0.540,0.026,0.155,0.434,0.311,0.200,0.738,0.367,0.034,0.210,0.243,0.412,0.355,0.495,0.494,0.304,0.078,0.168,0.528,0.003,0.116,0.000,0.302
0.904,0.142,0.697,0.458,0.367,0.205,0.148,0.151,0.287,0.202,1.180,0.960,1.004,1.537,0.708,1.188,0.534,0.005,0.101,0.447,0.507,0.041,0.380,0.658,0.383,0.374,0.319,0.691,0.057,0.271,0.138,0.203,0.053,0.086,0.335,0.200,0.243,0.020,0.577,0.100,0.193,0.634,0.032,0.132,0.307,0.274,0.313,0.204,0.581,0.254,0.236,0.148,0.277,0.163,0.302,0.007,0.182,0.034,0.260,0.489,0.284,0.260,0.030,0.187,0.177,0.072,0.325,0.174,0.593,0.003,0.396,0.185,0.198,0.301,0.111,0.465,0.330,0.677,0.481,0.225,0.677,0.348,0.052,0.143,0.159,0.283,0.316,0.540,0.618,0.490,0.070,0.379,0.655,0.418,0.295,0.302,0.000
