i,j,res_i,res_j,ca_distance,separation
1,3,I,F,7.03,2
1,14,I,K,4.63,13
1,15,I,T,3.57,14
1,16,I,C,4.95,15
1,17,I,S,7.25,16
1,20,I,E,5.7,19
1,21,I,S,3.8,20
1,22,I,S,4.91,21
1,23,I,C,4.39,22
1,39,I,G,6.57,38
1,40,I,C,5.54,39
1,41,I,G,6.7,40
1,55,I,E,5.09,54
1,56,I,S,6.21,55
1,57,I,E,4.3,56
1,58,I,V,5.5,57
1,59,I,C,7.74,58
1,60,I,N,6.33,59
2,4,C,N,4.78,2
2,5,C,Q,7.91,3
2,12,C,T,7.87,10
2,13,C,T,6.96,11
2,14,C,K,5.55,12
2,15,C,T,6.65,13
2,16,C,C,7.77,14
2,21,C,S,7.53,19
2,22,C,S,7.16,20
2,23,C,C,4.88,21
2,24,C,Y,7.15,22
2,39,C,G,5.78,37
2,40,C,C,6.25,38
2,54,C,C,7.89,52
2,55,C,E,3.91,53
2,56,C,S,6.11,54
2,57,C,E,5.03,55
2,58,C,V,3.14,56
2,59,C,C,4.43,57
2,60,C,N,3.48,58
3,5,F,Q,6.52,2
3,12,F,T,7.03,9
3,13,F,T,4.86,10
3,14,F,K,7.42,11
3,15,F,T,6.74,12
3,23,F,C,7.4,20
3,24,F,Y,7.9,21
3,37,F,E,7.36,34
3,38,F,R,4.15,35
3,39,F,G,4.69,36
3,40,F,C,4.59,37
3,58,F,V,5.35,55
3,60,F,N,3.68,57
4,6,N,H,6.05,2
4,8,N,S,7.31,4
4,11,N,Q,6.45,7
4,12,N,T,6.87,8
4,13,N,T,7.68,9
4,23,N,C,7.6,19
4,24,N,Y,7.0,20
4,25,N,H,6.17,21
4,38,N,R,6.79,34
4,39,N,G,6.59,35
4,55,N,E,6.65,51
4,58,N,V,6.15,54
4,59,N,C,4.82,55
4,60,N,N,3.52,56
5,7,Q,S,6.0,2
5,8,Q,S,3.71,3
5,9,Q,Q,5.87,4
5,10,Q,P,6.36,5
5,11,Q,Q,5.03,6
5,12,Q,T,6.31,7
5,13,Q,T,7.77,8
5,25,Q,H,7.37,20
5,36,Q,I,7.62,31
5,37,Q,E,6.91,32
5,38,Q,R,6.26,33
5,60,Q,N,6.03,55
6,8,H,S,4.42,2
6,9,H,Q,6.04,3
6,25,H,H,5.39,19
6,26,H,K,5.43,20
6,27,H,Q,7.58,21
6,36,H,I,4.6,30
6,37,H,E,5.78,31
6,38,H,R,6.97,32
6,60,H,N,7.71,54
7,9,S,Q,6.07,2
7,26,S,K,7.0,19
7,27,S,Q,7.38,20
7,34,S,T,7.98,27
7,35,S,I,5.98,28
7,36,S,I,3.22,29
7,37,S,E,5.06,30
7,38,S,R,7.31,31
8,10,S,P,5.85,2
8,11,S,Q,6.53,3
8,36,S,I,6.38,28
8,37,S,E,6.88,29
8,38,S,R,7.68,30
9,11,Q,Q,6.62,2
10,12,P,T,7.66,2
11,13,Q,T,7.46,2
12,58,T,V,5.83,46
13,58,T,V,4.68,45
13,60,T,N,7.5,47
14,16,K,C,3.71,2
14,17,K,S,7.11,3
14,21,K,S,6.92,7
14,56,K,S,7.76,42
14,57,K,E,3.6,43
14,58,K,V,3.8,44
15,17,T,S,5.13,2
15,18,T,P,7.96,3
15,20,T,E,4.88,5
15,21,T,S,5.76,6
15,22,T,S,6.72,7
15,23,T,C,5.79,8
15,39,T,G,6.14,24
15,40,T,C,3.8,25
15,41,T,G,4.88,26
15,57,T,E,7.48,42
15,58,T,V,7.5,43
15,60,T,N,7.29,45
16,18,C,P,6.1,2
16,20,C,E,6.07,4
16,21,C,S,6.46,5
16,40,C,C,7.55,24
16,57,C,E,6.23,41
16,58,C,V,6.9,42
17,19,S,G,7.78,2
17,20,S,E,5.51,3
17,21,S,S,7.85,4
18,20,P,E,5.12,2
18,21,P,S,7.61,3
19,21,G,S,6.72,2
20,22,E,S,6.37,2
20,23,E,C,7.97,3
20,41,E,G,7.27,21
21,23,S,C,6.25,2
21,55,S,E,6.62,34
21,56,S,S,6.15,35
21,57,S,E,5.43,36
22,24,S,Y,7.32,2
22,39,S,G,7.72,17
22,40,S,C,7.73,18
22,41,S,G,6.54,19
22,42,S,C,7.64,20
22,53,S,C,5.99,31
22,54,S,C,4.75,32
22,55,S,E,4.72,33
22,56,S,S,6.31,34
22,57,S,E,7.51,35
23,25,C,H,7.59,2
23,39,C,G,4.3,16
23,40,C,C,5.08,17
23,41,C,G,5.0,18
23,42,C,C,6.33,19
23,52,C,S,7.84,29
23,53,C,C,4.91,30
23,54,C,C,4.94,31
23,55,C,E,3.6,32
23,56,C,S,7.14,33
23,57,C,E,7.61,34
23,58,C,V,7.77,35
23,59,C,C,6.87,36
23,60,C,N,4.87,37
24,26,Y,K,6.82,2
24,38,Y,R,7.37,14
24,39,Y,G,3.77,15
24,40,Y,C,6.25,16
24,41,Y,G,6.17,17
24,42,Y,C,5.75,18
24,43,Y,P,7.58,19
24,51,Y,L,6.54,27
24,52,Y,S,4.58,28
24,53,Y,C,3.83,29
24,54,Y,C,6.12,30
24,55,Y,E,6.28,31
24,60,Y,N,4.87,36
25,27,H,Q,7.12,2
25,36,H,I,7.14,11
25,37,H,E,6.8,12
25,38,H,R,6.87,13
25,39,H,G,5.89,14
25,51,H,L,5.96,26
25,52,H,S,5.73,27
25,53,H,C,6.72,28
25,60,H,N,5.76,35
26,35,K,I,6.2,9
26,36,K,I,4.42,10
26,37,K,E,5.32,11
26,38,K,R,7.18,12
26,49,K,I,7.98,23
26,50,K,K,6.61,24
26,51,K,L,5.18,25
26,52,K,S,7.4,26
27,29,Q,S,7.74,2
27,34,Q,T,7.74,7
27,35,Q,I,3.8,8
27,36,Q,I,4.16,9
27,37,Q,E,5.26,10
27,38,Q,R,7.96,11
27,49,Q,I,6.64,22
27,50,Q,K,5.68,23
27,51,Q,L,6.46,24
28,30,W,D,6.19,2
28,33,W,G,7.59,5
28,34,W,T,5.26,6
28,35,W,I,3.84,7
28,36,W,I,7.12,8
28,48,W,G,6.84,20
28,49,W,I,7.26,21
29,31,S,F,7.37,2
29,33,S,G,5.58,4
29,34,S,T,5.61,5
29,35,S,I,5.63,6
30,32,D,R,4.24,2
30,33,D,G,2.42,3
30,34,D,T,3.8,4
30,35,D,I,6.73,5
31,33,F,G,6.03,2
31,34,F,T,6.54,3
32,34,R,T,4.95,2
33,35,G,I,6.89,2
34,36,T,I,6.92,2
35,37,I,E,5.88,2
36,38,I,R,6.67,2
37,39,E,G,7.27,2
37,60,E,N,7.67,23
38,40,R,C,5.93,2
38,60,R,N,5.2,22
39,41,G,G,4.58,2
39,42,G,C,6.04,3
39,53,G,C,6.93,14
39,55,G,E,6.88,16
39,60,G,N,3.24,21
40,42,C,C,6.4,2
40,55,C,E,7.89,15
40,58,C,V,7.77,18
40,60,C,N,4.93,20
41,43,G,P,7.81,2
41,53,G,C,7.13,12
41,60,G,N,7.41,19
42,44,C,T,6.42,2
42,45,C,V,6.95,3
42,51,C,L,7.91,9
42,52,C,S,6.46,10
42,53,C,C,5.8,11
43,45,P,V,3.41,2
43,46,P,K,7.85,3
43,50,P,K,6.09,7
43,51,P,L,5.63,8
43,52,P,S,5.21,9
43,53,P,C,6.8,10
44,46,T,K,6.23,2
44,50,T,K,6.83,6
45,47,V,P,7.89,2
45,49,V,I,6.2,4
45,50,V,K,3.8,5
45,51,V,L,5.58,6
45,52,V,S,7.28,7
46,48,K,G,6.76,2
46,49,K,I,5.46,3
46,50,K,K,4.44,4
47,49,P,I,5.38,2
47,50,P,K,6.98,3
48,50,G,K,6.86,2
49,51,I,L,5.73,2
50,52,K,S,7.46,2
51,53,L,C,7.39,2
52,54,S,C,7.25,2
53,55,C,E,6.53,2
54,56,C,S,6.73,2
54,59,C,C,6.78,5
55,57,E,E,5.97,2
55,58,E,V,6.71,3
55,59,E,C,3.8,4
55,60,E,N,5.54,5
56,58,S,V,7.43,2
56,59,S,C,5.38,3
57,59,E,C,7.01,2
58,60,V,N,5.69,2
